Age,LoginFrequency,TotalSpent,Service_Interactions,ChurnStatus,Gender_M,MaritalStatus_Married,MaritalStatus_Single,MaritalStatus_Widowed,IncomeLevel_Low,IncomeLevel_Medium
1.2296280895906782,0.5757024663120962,-1.1586173550496242,1.0,0,True,False,True,False,True,False
1.4265471238495815,-1.4885126082490794,0.3867409458811263,1.0,1,True,True,False,False,True,False
-1.6585177462065699,-1.6308722685636434,0.5993076502393372,1.0,0,True,False,True,False,True,False
-1.4615987119476666,-1.7020520987209253,-0.47430725042408867,2.0,0,True,False,False,True,True,False
-1.4615987119476666,1.0739612774130698,1.00720998321677,0.0,0,True,False,False,False,False,True
0.9014296991591727,-1.7020520987209253,-0.13679133388720244,1.0,0,False,False,False,False,False,True
-1.06776064342986,0.4333428059975324,-1.609235265156381,0.0,0,False,True,False,False,False,False
-0.41136386256684915,-0.6343546463616965,1.069233657109925,2.0,1,True,False,True,False,True,False
-0.280084506394247,-0.13609583526072297,0.07220890673756182,1.0,0,True,False,False,False,False,False
1.6234661581084848,0.21980331552568663,0.18168977812596382,0.0,1,True,True,False,False,False,False
0.7045106649002695,0.29098314568296857,0.641462978276434,2.0,0,True,False,False,False,False,True
-0.14880515022164478,1.2163209377276336,-1.6087296745121762,2.0,0,False,True,False,False,True,False
-1.2646796776887634,-1.1326134574626698,-1.1920683252391908,1.0,0,False,False,False,False,True,False
-0.08316547213534368,0.006263825053840878,2.157906960203458,2.0,0,True,False,False,True,False,True
-0.08316547213534368,1.2875007678849155,0.8876856220042945,2.0,0,True,False,False,False,False,True
-0.8708416091709568,1.0739612774130698,1.0322162231869116,2.0,1,False,False,True,False,False,True
-1.5928780681202688,-1.2749731177772337,0.4931199503442706,2.0,0,True,True,False,False,True,False
0.8357900210728716,0.789241956783942,-0.427724588097196,1.0,1,False,True,False,False,False,False
0.9014296991591727,0.9316016170985059,-0.33770212420468576,2.0,0,False,False,False,False,False,False
-0.14880515022164478,-0.7055344765189784,2.0653428784779164,1.0,0,True,False,True,False,True,False
1.3609074457632804,-0.5631748162044145,-0.4801420397504551,0.0,0,True,False,False,False,False,False
-0.08316547213534368,1.1451411075703517,0.43499069087269515,2.0,0,False,False,False,False,True,False
-0.5426432187394513,-0.4919949860471326,0.3092899250337147,2.0,0,False,False,False,False,True,False
0.7701503429865705,-0.990253797148106,-0.16558267138287924,1.0,0,True,False,False,True,False,True
-0.01752579404904259,0.0774436552111228,-0.6827199127326146,1.0,0,False,True,False,False,True,False
-0.8052019310846557,1.3586805980421974,-0.9464605890515798,1.0,1,True,False,True,False,False,True
-1.1334003215161612,-0.2784554955752868,1.2929506848646577,1.0,0,True,False,False,True,False,True
-1.06776064342986,1.1451411075703517,0.5983237981749381,2.0,0,False,False,False,True,False,False
-0.34572418448054804,0.5757024663120962,-0.5620613887236792,2.0,0,False,False,False,False,False,True
1.689105836194786,0.860421786941224,-0.7621249730968188,2.0,0,True,False,False,False,False,False
-0.6082828968257524,-0.20727566541800488,-0.21294421659408777,2.0,0,True,False,False,False,True,False
1.689105836194786,1.5722200885140432,-0.05312291457726902,0.0,0,False,True,False,False,False,False
-1.3303193557750645,-0.13609583526072297,-0.7862566778986059,1.0,1,True,False,False,False,False,False
-0.6739225749120535,1.2875007678849155,0.8499439636449878,2.0,0,True,False,False,True,False,False
1.4265471238495815,-0.4919949860471326,-0.662127342440263,1.0,0,True,True,False,False,True,False
-1.6585177462065699,-1.4173327780917975,0.07809835451195064,1.0,0,False,False,False,True,True,False
-0.47700354065315026,-1.6308722685636434,2.159232427567995,1.0,0,False,True,False,False,False,True
0.6388709868139684,1.5010402583567612,-0.5322861991636031,1.0,0,False,True,False,False,True,False
-0.08316547213534368,0.006263825053840878,-0.0990086816918788,0.0,0,True,True,False,False,False,True
1.5578264800221837,-0.42081515588985063,0.429005590814268,1.0,0,False,False,False,True,True,False
1.689105836194786,0.860421786941224,-1.2314224078151517,1.0,1,False,True,False,False,False,False
0.24503291829616178,-1.1326134574626698,-1.0026904674543848,0.0,0,True,False,False,True,False,True
-0.41136386256684915,-0.06491600510344105,1.2970910623023373,2.0,0,True,False,True,False,True,False
-0.41136386256684915,0.6468822964693782,-0.78786910211526,1.0,0,False,False,False,True,True,False
-0.7395622529983547,1.643399918671325,-1.317236171209955,1.0,0,False,False,False,True,True,False
0.9014296991591727,-0.13609583526072297,-1.543727115201813,0.0,1,False,True,False,False,False,False
0.4419519525550651,-0.3496353257325687,0.27598926557620884,0.0,0,False,True,False,False,False,True
-1.5928780681202688,0.5757024663120962,0.45488636595276416,0.0,0,True,False,False,False,False,True
-1.06776064342986,-0.5631748162044145,-0.8511909141489412,0.0,0,False,False,True,False,False,True
0.4419519525550651,-0.4919949860471326,0.34192101850294876,2.0,0,False,False,True,False,True,False
0.376312274468764,-1.6308722685636434,-0.9763860893437166,0.0,1,True,False,False,False,False,True
-1.002120965343559,-1.4173327780917975,-1.1794558883580757,0.0,0,True,False,False,True,False,True
-0.14880515022164478,-0.42081515588985063,-0.012375041576742999,0.0,0,False,False,False,True,True,False
0.6388709868139684,-0.2784554955752868,-1.097522874772846,2.0,0,False,True,False,False,True,False
-0.9364812872572579,0.5045226361548143,-0.1845354882345661,0.0,0,False,False,True,False,True,False
1.6234661581084848,-0.8478941368335422,0.2446836394715124,0.0,0,False,True,False,False,True,False
0.1793932402098607,1.2875007678849155,-0.9109462624491762,1.0,0,False,False,False,False,False,False
0.5732313087276673,-1.2037932876199517,1.300083612331551,2.0,0,True,False,True,False,False,False
-1.6585177462065699,1.3586805980421974,-1.3280448793063389,0.0,0,True,True,False,False,False,True
-1.6585177462065699,-0.06491600510344105,-0.66041926593957,2.0,0,False,False,True,False,False,False
0.7045106649002695,1.5010402583567612,-0.7999622837401644,1.0,1,True,False,True,False,True,False
-1.3303193557750645,-0.7055344765189784,-0.5799210366149224,2.0,0,False,True,False,False,False,False
0.8357900210728716,-1.3461529479345156,1.2854488128736155,0.0,0,True,True,False,False,True,False
0.9670693772454738,-1.061433627305388,-0.40882642969353156,0.0,0,False,False,True,False,False,False
-0.5426432187394513,0.0774436552111228,0.13048847694119806,0.0,0,False,False,False,False,True,False
-0.6739225749120535,1.0027814472557879,0.1977456972324756,0.0,0,True,False,False,True,False,True
-1.3959590338613654,-0.6343546463616965,-0.7688206329795344,2.0,0,False,False,True,False,False,True
1.0327090553317748,-1.4885126082490794,-0.5164079200131635,2.0,1,False,False,False,False,False,False
1.098348733418076,0.21980331552568663,-0.30863749446889804,1.0,0,False,False,True,False,True,False
0.376312274468764,-1.1326134574626698,1.625520011855538,0.0,0,False,True,False,False,False,True
-1.5928780681202688,1.5010402583567612,-1.0792396239094308,2.0,1,False,False,False,False,True,False
-1.5928780681202688,-0.06491600510344105,-0.2514237640016937,2.0,1,False,False,False,False,False,False
0.9014296991591727,-0.13609583526072297,1.3525557224328315,1.0,1,True,False,True,False,True,False
1.0327090553317748,1.2875007678849155,1.1196697400223803,1.0,0,True,False,False,True,True,False
0.6388709868139684,-0.990253797148106,-0.6756143144897326,1.0,1,False,False,True,False,False,False
0.8357900210728716,-1.4885126082490794,-0.5199060606865822,2.0,1,False,False,False,True,False,True
-0.9364812872572579,0.21980331552568663,0.7278643199874758,0.0,0,True,False,False,False,False,False
1.3609074457632804,0.6468822964693782,-0.6114999549597299,1.0,0,True,False,False,True,True,False
-0.47700354065315026,-0.20727566541800488,-0.4551357997803134,1.0,1,True,True,False,False,False,False
0.1137535621235596,0.4333428059975324,-1.5763172148350306,0.0,0,True,False,False,True,False,False
-1.6585177462065699,1.0027814472557879,1.2535556084526804,0.0,1,False,False,False,True,True,False
-0.7395622529983547,-0.4919949860471326,-1.4102101912956628,0.0,0,False,False,False,False,False,False
0.6388709868139684,-0.06491600510344105,0.21251714281046638,2.0,0,True,False,False,True,False,True
-0.8708416091709568,1.3586805980421974,0.3846775894682898,0.0,0,True,False,False,False,False,True
1.098348733418076,0.789241956783942,0.5816803007521879,0.0,0,True,True,False,False,False,False
-0.34572418448054804,-1.7732319288782072,0.5606094690396421,0.0,0,True,True,False,False,True,False
-0.9364812872572579,1.2163209377276336,0.2014761363099886,2.0,0,False,False,True,False,False,False
-1.3959590338613654,-0.9190739669908241,-1.1164756916245326,0.0,0,True,False,True,False,False,False
-1.2646796776887634,-0.990253797148106,0.9395701537893374,0.0,0,True,False,True,False,False,True
-1.3959590338613654,1.5010402583567612,-0.04705582684680831,1.0,0,True,True,False,False,False,True
1.4265471238495815,1.2163209377276336,0.7383587420077321,2.0,0,False,False,False,True,True,False
-1.4615987119476666,0.789241956783942,1.3676687833109615,2.0,0,False,False,False,False,True,False
-0.8708416091709568,1.1451411075703517,-0.56889369472645,2.0,0,False,True,False,False,True,False
0.7045106649002695,1.0739612774130698,-0.20604358753128882,0.0,0,True,False,False,True,False,False
0.9670693772454738,-0.990253797148106,-0.8022852677811066,1.0,0,False,False,True,False,False,False
-0.7395622529983547,0.7180621266266601,-1.5066003643827557,2.0,0,False,False,False,False,False,False
-0.6739225749120535,0.860421786941224,-0.9712072013936163,2.0,0,True,False,True,False,False,False
-0.34572418448054804,-1.2037932876199517,-0.5064600824731289,1.0,0,False,False,False,False,True,False
0.6388709868139684,-0.8478941368335422,-0.5119395918873512,0.0,0,True,False,False,True,True,False
-0.14880515022164478,1.3586805980421974,-0.21294421659408777,2.0,1,False,True,False,False,True,False
-0.6739225749120535,0.6468822964693782,-1.0549712729875884,2.0,0,False,False,True,False,False,False
-0.8052019310846557,0.4333428059975324,1.046113133596548,2.0,0,True,True,False,False,False,False
-0.280084506394247,1.4298604281994793,1.412010449268945,2.0,0,True,False,False,True,True,False
1.4921868019358826,-1.6308722685636434,1.9163849430055042,2.0,1,False,False,False,True,False,True
1.5578264800221837,0.29098314568296857,0.8187886482723519,2.0,0,False,False,False,True,True,False
-1.3303193557750645,1.643399918671325,-0.5319855776994812,2.0,0,True,True,False,False,False,False
1.0327090553317748,-1.3461529479345156,0.38037323668654394,0.0,1,False,True,False,False,False,False
0.6388709868139684,-1.7732319288782072,-1.0522930090345022,2.0,1,True,False,False,False,True,False
-1.6585177462065699,-0.42081515588985063,0.014079647265986399,2.0,0,True,True,False,False,False,True
0.376312274468764,-0.06491600510344105,-0.7397969970797633,2.0,1,True,True,False,False,False,True
-1.3303193557750645,0.5045226361548143,-0.8898617661246249,1.0,1,False,False,False,True,False,False
0.31067259638246286,0.6468822964693782,-0.7026702462607058,1.0,0,False,False,False,False,False,False
-1.6585177462065699,1.2875007678849155,0.7783550613479534,1.0,0,False,True,False,False,False,False
1.5578264800221837,-0.13609583526072297,1.1872959048378078,0.0,0,False,True,False,False,True,False
1.6234661581084848,-0.8478941368335422,-0.8346020751742134,0.0,0,False,False,False,True,False,False
0.7045106649002695,0.9316016170985059,0.3277918096892185,1.0,0,True,True,False,False,False,False
0.5732313087276673,1.2875007678849155,-1.114917925855901,0.0,0,False,False,False,True,False,False
1.4921868019358826,0.5757024663120962,0.49328392568833723,1.0,0,True,False,False,False,False,True
0.24503291829616178,-0.5631748162044145,1.0220224226307777,2.0,1,True,False,False,True,False,True
-1.4615987119476666,-1.7020520987209253,-0.13064225848470853,2.0,0,False,False,False,True,False,False
0.5732313087276673,0.860421786941224,-0.26152191227378935,2.0,0,True,False,False,False,False,True
1.098348733418076,-0.6343546463616965,2.1332150063094435,1.0,1,False,False,True,False,False,True
-0.8052019310846557,-0.20727566541800488,-0.4452152914642898,2.0,1,True,False,False,True,False,True
1.4921868019358826,0.5045226361548143,1.3930849616412695,2.0,0,True,True,False,False,False,True
0.9014296991591727,0.14862348536840472,-0.709885161399632,0.0,0,True,False,False,True,True,False
-0.280084506394247,-0.7767143066762603,1.4465682530309605,0.0,0,False,False,False,False,False,True
-1.06776064342986,-1.061433627305388,0.9726111856187379,1.0,0,False,True,False,False,False,True
-1.6585177462065699,-0.20727566541800488,-0.8666045964911926,2.0,1,False,False,False,False,False,True
-1.002120965343559,-0.9190739669908241,-1.3949468196854724,1.0,0,False,False,False,True,False,True
1.6234661581084848,1.5010402583567612,-0.9731475762984032,1.0,0,True,False,False,False,True,False
1.163988411504377,-1.061433627305388,1.9981813104706778,1.0,0,False,False,False,False,True,False
-0.14880515022164478,0.7180621266266601,0.8411166242894076,0.0,0,False,False,True,False,False,False
-1.5272383900339677,0.860421786941224,-0.5030302648597379,1.0,0,True,False,False,True,False,True
0.5732313087276673,0.0774436552111228,0.41770495668568447,1.0,0,True,False,False,True,False,True
0.6388709868139684,-0.5631748162044145,-1.1241142097356307,0.0,0,False,False,False,True,False,False
0.31067259638246286,1.0027814472557879,-1.154026045415762,0.0,0,True,False,False,True,True,False
-1.4615987119476666,0.860421786941224,-1.1381614308773278,0.0,1,False,True,False,False,False,False
-0.47700354065315026,0.5757024663120962,2.104696961053878,1.0,0,True,False,False,False,True,False
1.3609074457632804,-0.2784554955752868,1.0673342760411546,2.0,0,False,False,False,True,False,False
0.6388709868139684,-0.5631748162044145,-0.328177889636823,1.0,0,True,True,False,False,False,False
-0.34572418448054804,1.0739612774130698,1.6661995617960363,2.0,0,False,False,False,True,False,True
-0.5426432187394513,-0.5631748162044145,0.17435188147898792,1.0,0,True,False,False,False,False,False
1.6234661581084848,-0.9190739669908241,-1.258683308766208,1.0,0,False,False,False,True,True,False
0.1137535621235596,0.9316016170985059,-1.1540397100277675,1.0,1,False,True,False,False,True,False
-0.7395622529983547,-0.7055344765189784,0.6891114803397589,2.0,0,False,True,False,False,False,False
1.0327090553317748,-1.2749731177772337,0.14940029995686832,0.0,0,False,False,False,False,True,False
-1.5928780681202688,0.5757024663120962,1.3609184649802237,2.0,0,False,False,False,True,False,False
0.7045106649002695,0.21980331552568663,-1.7099297910252198,2.0,0,False,True,False,False,False,True
-1.002120965343559,-1.4173327780917975,-1.1198918446259183,1.0,0,True,False,True,False,False,True
-0.21444482830794587,0.860421786941224,-0.09720495290714735,0.0,0,False,False,False,True,False,True
1.163988411504377,0.7180621266266601,-1.2710771118552344,2.0,0,True,False,True,False,False,True
0.9670693772454738,1.5722200885140432,0.2519805422824717,0.0,0,False,True,False,False,False,False
-0.9364812872572579,1.1451411075703517,0.6432803716731713,1.0,0,True,True,False,False,True,False
-1.5272383900339677,0.006263825053840878,0.6684095931513627,0.0,0,False,False,False,False,False,False
1.689105836194786,-0.5631748162044145,0.8454073124591477,2.0,0,True,False,False,False,True,False
-0.6082828968257524,-1.061433627305388,-0.7672355379868914,0.0,0,False,False,False,True,False,False
0.4419519525550651,0.0774436552111228,1.56908516427265,0.0,0,True,True,False,False,True,False
-1.6585177462065699,0.29098314568296857,0.28271225468293554,0.0,0,False,True,False,False,True,False
0.8357900210728716,-0.5631748162044145,-1.692562069166176,2.0,0,True,True,False,False,False,False
-0.41136386256684915,1.2163209377276336,1.0777740396133888,2.0,1,True,True,False,False,False,True
1.3609074457632804,-1.5596924384063613,0.9830919430269883,1.0,0,True,False,True,False,False,False
1.098348733418076,-1.4173327780917975,-1.1457999489884259,2.0,0,False,True,False,False,False,True
1.689105836194786,-0.2784554955752868,-0.27263124183429477,2.0,0,True,False,False,False,False,False
0.9670693772454738,-1.7020520987209253,-0.42210843256291836,1.0,1,False,False,False,True,True,False
-0.8052019310846557,1.5010402583567612,-1.479954370971949,0.0,0,False,False,False,True,False,True
0.31067259638246286,1.5722200885140432,-0.03128686459241295,1.0,0,False,False,False,True,True,False
-0.08316547213534368,1.0027814472557879,1.4921124048454317,1.0,0,False,False,True,False,True,False
-1.5272383900339677,0.4333428059975324,-0.18784232433990702,2.0,1,True,True,False,False,True,False
-1.4615987119476666,0.9316016170985059,1.230298438819248,1.0,0,False,False,False,True,False,False
0.31067259638246286,-0.3496353257325687,0.2513383055182112,1.0,1,True,False,False,False,True,False
0.5732313087276673,-1.2749731177772337,1.7331015021751697,1.0,0,False,False,True,False,False,False
1.163988411504377,-0.06491600510344105,0.9679515529248479,2.0,0,True,True,False,False,False,True
-0.8052019310846557,1.0739612774130698,-0.8995499760365542,1.0,0,False,True,False,False,True,False
1.4921868019358826,0.7180621266266601,0.7338767492699143,1.0,1,False,True,False,False,False,True
0.9670693772454738,-1.5596924384063613,-0.062168887724937644,2.0,0,True,True,False,False,False,True
-1.1334003215161612,-0.7767143066762603,-0.44767492162528744,0.0,1,False,False,True,False,False,False
-0.41136386256684915,0.14862348536840472,-1.1404570856942589,1.0,0,False,False,False,False,False,True
0.376312274468764,-0.42081515588985063,-0.7143398249134386,0.0,0,False,True,False,False,False,False
-1.1334003215161612,0.860421786941224,-1.1639738829557966,0.0,0,False,False,True,False,False,False
0.048113884037258504,-1.4173327780917975,0.9859478469361468,0.0,0,False,False,True,False,False,True
-1.5272383900339677,0.29098314568296857,-0.7497994930678199,0.0,0,False,False,False,False,False,True
-1.4615987119476666,0.4333428059975324,0.31053340472621915,2.0,0,False,False,True,False,False,True
1.2296280895906782,1.643399918671325,-0.17621373952319083,1.0,1,False,False,True,False,False,False
-0.7395622529983547,1.0739612774130698,-1.5949420809985841,0.0,0,True,False,False,True,False,False
0.4419519525550651,-1.5596924384063613,0.028003886899633724,2.0,0,False,False,False,True,False,True
-1.3959590338613654,0.6468822964693782,-1.0979874715810345,0.0,0,True,False,False,False,False,False
-1.4615987119476666,0.29098314568296857,-1.0263985692840003,2.0,0,False,False,False,True,False,True
1.2952677676769793,1.643399918671325,0.6884965727995095,2.0,0,True,False,True,False,False,False
-0.9364812872572579,1.0739612774130698,-0.9427574791980781,2.0,0,True,False,True,False,False,False
-0.21444482830794587,-0.2784554955752868,0.20985254346938595,1.0,1,True,False,False,False,True,False
-0.8052019310846557,-1.7020520987209253,0.9268074061761613,2.0,0,False,False,True,False,True,False
1.2952677676769793,-0.990253797148106,-0.12553169359463584,2.0,0,False,False,False,False,False,True
-0.9364812872572579,0.5757024663120962,-1.3583393241226254,2.0,0,True,False,False,True,True,False
-0.6082828968257524,0.5757024663120962,0.17022516865331427,0.0,0,False,False,False,True,False,False
-0.08316547213534368,-0.8478941368335422,0.6112368565201753,2.0,0,False,True,False,False,False,True
0.24503291829616178,0.9316016170985059,1.188498390694295,2.0,0,True,False,False,True,True,False
-0.280084506394247,0.9316016170985059,-0.4631842562515774,2.0,1,False,True,False,False,False,True
1.3609074457632804,1.3586805980421974,0.2689929842293715,0.0,0,True,True,False,False,False,True
-0.01752579404904259,-1.4173327780917975,0.007998894923520166,2.0,0,True,True,False,False,False,False
-0.6082828968257524,-1.2749731177772337,0.5980505059348272,2.0,0,False,False,True,False,True,False
-0.41136386256684915,0.0774436552111228,-0.4206189898543144,2.0,1,True,True,False,False,False,False
0.5075916306413661,-0.990253797148106,-1.268371518678137,2.0,0,False,False,False,True,False,True
0.9670693772454738,-0.3496353257325687,0.6880183113793157,2.0,0,False,False,False,False,False,True
0.4419519525550651,0.860421786941224,-1.1071837554607642,2.0,0,False,False,False,True,False,True
0.7045106649002695,-1.5596924384063613,-0.7138752281052503,0.0,0,False,False,False,False,True,False
-1.2646796776887634,-0.06491600510344105,-1.5916762387292598,0.0,0,True,False,False,True,False,False
-0.280084506394247,1.2163209377276336,0.7307475531206453,0.0,0,False,False,False,False,False,False
0.376312274468764,-0.13609583526072297,-1.130755211170324,0.0,0,False,False,False,True,True,False
-0.8052019310846557,-0.990253797148106,0.08699401692755813,0.0,0,False,False,False,False,False,False
-1.1990399996024623,0.21980331552568663,0.6324989928007986,0.0,0,True,True,False,False,False,False
-0.08316547213534368,0.6468822964693782,-0.05764590115110333,0.0,0,True,False,False,False,False,True
-0.6739225749120535,0.789241956783942,-0.29623002676786603,1.0,0,False,True,False,False,False,True
1.0327090553317748,0.29098314568296857,1.1321045369474232,1.0,1,False,False,False,True,False,True
-0.47700354065315026,1.0739612774130698,-0.7246292777536116,0.0,0,False,False,False,False,True,False
0.9670693772454738,1.1451411075703517,0.10836547010422588,2.0,0,False,False,False,False,False,True
-0.6739225749120535,0.6468822964693782,0.418770796422117,2.0,0,False,False,False,True,False,False
-0.9364812872572579,-1.7732319288782072,1.7933214472835934,1.0,1,True,True,False,False,True,False
0.8357900210728716,1.0027814472557879,0.6862009179825783,0.0,0,False,True,False,False,False,False
1.4265471238495815,0.006263825053840878,0.49182181220374405,0.0,0,True,False,True,False,True,False
0.24503291829616178,0.6468822964693782,-0.3196648363573703,0.0,0,True,False,True,False,False,False
-1.5928780681202688,1.1451411075703517,0.017618781775421654,1.0,1,False,False,True,False,True,False
0.376312274468764,-1.3461529479345156,0.5985834258030435,0.0,0,True,False,False,False,False,False
1.2296280895906782,-1.5596924384063613,0.6447834789937807,1.0,0,False,False,False,False,False,True
-0.08316547213534368,-1.4885126082490794,1.7161710479003034,0.0,0,True,False,False,False,True,False
-0.08316547213534368,0.9316016170985059,1.893770010136332,2.0,0,True,False,False,True,False,False
-1.4615987119476666,-1.061433627305388,0.2688973319453328,1.0,0,False,False,True,False,False,False
-0.47700354065315026,-0.7767143066762603,-0.019193682967508445,0.0,1,True,False,False,True,False,False
1.4265471238495815,0.4333428059975324,1.2584612041626702,2.0,0,False,False,True,False,False,False
-1.4615987119476666,0.789241956783942,1.7690667609737565,1.0,0,False,False,True,False,False,True
1.098348733418076,-1.2037932876199517,0.278312249617151,2.0,1,False,False,False,False,False,True
-0.8708416091709568,1.5010402583567612,0.1216474729736127,0.0,1,False,True,False,False,True,False
0.8357900210728716,0.4333428059975324,1.1174834021014937,2.0,0,False,False,True,False,True,False
0.6388709868139684,0.5045226361548143,-0.610775730523436,2.0,0,False,True,False,False,False,False
-0.21444482830794587,-0.20727566541800488,0.4267509298333534,0.0,1,True,False,False,True,True,False
-1.3303193557750645,-0.7767143066762603,-0.674890090053439,2.0,0,True,False,False,False,False,False
-0.14880515022164478,0.29098314568296857,0.29869985072941974,2.0,1,False,False,True,False,True,False
1.163988411504377,-0.7055344765189784,-1.182544090671328,0.0,1,True,False,False,False,True,False
0.4419519525550651,-0.2784554955752868,-0.6859037673299059,1.0,1,True,False,False,True,False,False
-0.9364812872572579,1.2163209377276336,1.8999874085988537,1.0,1,False,True,False,False,False,True
0.9670693772454738,0.29098314568296857,-0.5533160370401322,1.0,0,True,False,False,False,False,False
-0.34572418448054804,-1.7732319288782072,1.2592400870469862,1.0,0,False,False,False,False,False,True
-1.002120965343559,0.6468822964693782,-0.7347000968016961,2.0,1,False,False,True,False,True,False
1.163988411504377,-0.5631748162044145,1.5000788736446626,1.0,0,True,True,False,False,False,True
0.7701503429865705,-0.7767143066762603,0.5267758897139205,2.0,0,False,False,False,True,False,False
0.1793932402098607,-0.3496353257325687,2.159232427567995,0.0,0,False,False,True,False,True,False
1.4265471238495815,1.0027814472557879,-0.1274310746634063,1.0,0,False,False,False,False,False,True
0.9670693772454738,-1.7020520987209253,0.8516930339816968,2.0,0,False,False,False,False,False,True
-1.5272383900339677,0.29098314568296857,0.3480974231294537,1.0,1,True,True,False,False,False,False
0.1137535621235596,1.0027814472557879,-1.240755337814937,1.0,0,False,False,False,True,True,False
-0.41136386256684915,0.4333428059975324,0.4686466302423448,1.0,0,True,False,False,True,True,False
-0.01752579404904259,0.14862348536840472,0.9625267019586478,1.0,1,False,False,False,False,False,True
-0.14880515022164478,-1.061433627305388,-0.38764628108494154,0.0,1,True,False,False,True,False,True
1.689105836194786,-1.3461529479345156,0.07476418918259801,1.0,0,True,False,True,False,False,True
1.3609074457632804,-1.7732319288782072,1.3061507000620116,2.0,1,False,True,False,False,True,False
-0.34572418448054804,1.2163209377276336,1.924378741028746,1.0,0,True,False,False,False,False,True
0.24503291829616178,0.14862348536840472,-1.4426089863608025,2.0,0,False,False,False,True,False,True
-1.4615987119476666,0.9316016170985059,-1.6011868086851169,1.0,0,False,False,False,True,True,False
0.6388709868139684,-0.4919949860471326,-0.5896912341988849,2.0,0,True,False,True,False,True,False
0.9014296991591727,0.9316016170985059,0.2804985875380379,1.0,0,True,False,False,True,False,False
-1.06776064342986,0.4333428059975324,1.54590998231125,1.0,1,True,False,True,False,True,False
-1.06776064342986,1.643399918671325,-1.0594532657254063,1.0,1,True,True,False,False,True,False
1.0327090553317748,0.29098314568296857,2.159232427567995,2.0,1,False,False,False,False,False,False
-0.14880515022164478,-1.7020520987209253,-1.7099297910252198,2.0,0,True,False,True,False,True,False
-1.4615987119476666,1.2875007678849155,-1.010328985565483,1.0,0,False,False,False,True,False,False
1.3609074457632804,1.2163209377276336,0.338163250201425,0.0,0,True,False,False,True,True,False
0.048113884037258504,0.789241956783942,-1.1000098341578548,1.0,0,True,True,False,False,False,False
1.6234661581084848,-0.4919949860471326,-1.0973179055927629,1.0,0,False,False,True,False,False,True
1.2296280895906782,0.006263825053840878,-0.2298883354809596,0.0,0,True,False,False,False,False,True
-1.4615987119476666,-1.7732319288782072,1.1744375049405924,2.0,0,False,False,False,True,False,True
0.376312274468764,1.1451411075703517,-0.723754742585257,1.0,0,True,False,True,False,False,False
-1.06776064342986,0.14862348536840472,-0.5444340392365299,0.0,1,True,False,False,True,False,True
-1.002120965343559,0.006263825053840878,-0.1289341819840158,2.0,1,False,False,False,False,True,False
0.1137535621235596,1.0027814472557879,0.40779811298166657,0.0,0,False,False,True,False,False,False
1.2952677676769793,0.6468822964693782,-0.20096035186522748,1.0,0,False,False,False,True,True,False
-1.1990399996024623,-1.6308722685636434,-0.8999599143967205,2.0,0,False,False,False,False,True,False
0.9014296991591727,0.006263825053840878,1.1004163017065713,0.0,1,False,False,True,False,True,False
-0.280084506394247,0.5045226361548143,-0.0636993242695585,0.0,0,False,False,True,False,False,False
0.5075916306413661,-0.2784554955752868,0.2168624894282288,1.0,0,False,True,False,False,True,False
1.2296280895906782,-1.4173327780917975,-0.07441238008190329,1.0,0,True,False,False,False,False,True
0.5732313087276673,1.1451411075703517,-0.5849359492209563,2.0,0,False,False,True,False,False,False
0.5732313087276673,0.5757024663120962,0.40932854952628744,1.0,0,True,True,False,False,False,True
-0.08316547213534368,-1.6308722685636434,1.0279665288531883,1.0,1,True,False,True,False,False,False
0.5075916306413661,-0.6343546463616965,0.13454686670684438,0.0,1,False,False,False,True,True,False
-1.3303193557750645,-1.4173327780917975,0.5721833954083362,0.0,0,True,True,False,False,False,True
0.9670693772454738,1.1451411075703517,-0.32495304120351487,0.0,0,True,False,True,False,False,False
0.7045106649002695,-1.4885126082490794,-1.0278606827685932,2.0,1,False,False,False,True,True,False
-1.6585177462065699,-0.42081515588985063,-0.8872791544555777,2.0,0,True,False,False,True,True,False
-0.9364812872572579,-1.7732319288782072,1.3028575285686756,2.0,0,False,False,False,True,False,False
0.5732313087276673,-0.13609583526072297,-1.6860987076875547,0.0,0,True,True,False,False,False,False
-1.3303193557750645,-1.2037932876199517,-1.176613649060923,1.0,0,True,False,False,True,False,False
-0.6082828968257524,-0.7767143066762603,0.42133974347915876,2.0,0,False,False,False,False,False,False
-1.1334003215161612,0.789241956783942,1.5923423339060818,2.0,0,True,False,True,False,False,True
-1.5928780681202688,-0.5631748162044145,-1.4412288605482428,0.0,0,True,False,False,False,False,False
-0.5426432187394513,-0.2784554955752868,0.8440408512585934,1.0,0,False,False,False,True,True,False
1.4921868019358826,-1.061433627305388,-0.4145928959598703,0.0,0,False,False,False,True,False,True
0.6388709868139684,0.860421786941224,-1.3707741210476685,1.0,0,True,False,False,False,True,False
0.1137535621235596,-1.6308722685636434,0.6144890341774945,0.0,0,True,True,False,False,True,False
0.9670693772454738,0.21980331552568663,0.055825036942917,1.0,0,False,False,False,True,False,False
0.7045106649002695,1.4298604281994793,-1.7143571253150154,2.0,0,True,False,False,True,False,True
1.4921868019358826,0.4333428059975324,-0.46168114893096773,2.0,0,False,False,False,False,False,False
-0.01752579404904259,0.5757024663120962,0.04721633137942564,1.0,0,False,False,False,True,True,False
-1.4615987119476666,-1.2749731177772337,-0.4629792870714943,2.0,0,True,False,False,True,False,False
0.9014296991591727,0.5757024663120962,-0.4310314242025372,1.0,0,False,True,False,False,False,False
0.6388709868139684,-1.4885126082490794,-0.7770603940188762,1.0,0,False,True,False,False,False,False
1.6234661581084848,-1.2037932876199517,-1.333852339408694,0.0,0,True,True,False,False,False,False
0.31067259638246286,-0.6343546463616965,1.3954352749062224,0.0,0,False,True,False,False,False,False
0.24503291829616178,-0.42081515588985063,0.20808980852067108,1.0,0,True,True,False,False,False,False
1.5578264800221837,1.1451411075703517,0.7205264233404999,0.0,0,True,False,False,True,False,True
0.5075916306413661,0.0774436552111228,0.1859804662957041,1.0,0,True,False,True,False,False,False
-0.47700354065315026,-1.4885126082490794,-0.28184119032603006,0.0,0,False,False,False,True,False,True
-0.5426432187394513,1.4298604281994793,-0.9175735992718641,2.0,1,True,False,False,True,False,False
0.24503291829616178,0.21980331552568663,-1.3408212915315205,2.0,0,True,False,True,False,False,True
-0.34572418448054804,-1.061433627305388,-1.6800452845690994,0.0,0,True,False,False,False,True,False
-1.5272383900339677,0.006263825053840878,-0.9949289678352371,1.0,0,True,False,True,False,False,True
-1.3303193557750645,-0.20727566541800488,-0.9060816605752033,1.0,1,False,True,False,False,False,True
0.7701503429865705,-0.5631748162044145,-0.8399449384683801,0.0,0,False,False,False,True,True,False
-0.8708416091709568,-0.42081515588985063,-1.0884769016251774,2.0,0,True,True,False,False,False,False
1.2296280895906782,1.2875007678849155,1.2039120730365465,0.0,0,False,False,True,False,False,False
-1.5272383900339677,-0.3496353257325687,-1.0753178802638403,0.0,0,False,False,False,False,False,True
1.4265471238495815,0.006263825053840878,-0.602126031123928,2.0,0,False,False,False,False,False,False
0.1137535621235596,0.4333428059975324,1.0150671351199567,2.0,0,True,False,False,True,False,False
-0.280084506394247,-1.7732319288782072,-1.6430551798700974,2.0,0,False,False,True,False,True,False
0.9014296991591727,-1.7020520987209253,-0.5808775594553104,1.0,1,False,True,False,False,False,False
0.9014296991591727,-1.5596924384063613,0.14389346131863495,2.0,0,False,True,False,False,False,False
-0.9364812872572579,1.0739612774130698,-0.9710158968255387,2.0,0,False,False,False,False,False,True
-0.21444482830794587,-1.1326134574626698,-0.8998232682766651,0.0,0,False,False,False,True,False,False
0.31067259638246286,0.14862348536840472,-1.1765589906129008,2.0,0,True,False,True,False,False,False
-0.5426432187394513,1.643399918671325,-0.5686340670983447,0.0,0,False,True,False,False,False,True
-1.2646796776887634,0.789241956783942,1.4987260770561142,1.0,0,False,False,False,False,False,True
-1.1990399996024623,-0.6343546463616965,1.8011922637987852,0.0,0,True,False,False,True,False,True
-0.47700354065315026,0.29098314568296857,-0.48656440739305984,2.0,0,True,False,False,False,False,False
0.1793932402098607,-1.4173327780917975,0.42776211112176354,0.0,0,True,False,False,True,False,False
1.163988411504377,-1.061433627305388,1.605583342939452,2.0,0,True,False,True,False,False,False
-0.41136386256684915,-1.061433627305388,0.6217039493164203,1.0,0,False,False,False,False,False,False
1.5578264800221837,-1.7020520987209253,-0.6939932176371867,2.0,1,False,True,False,False,False,False
1.0327090553317748,-0.42081515588985063,-1.5419917094771092,0.0,0,False,False,False,True,False,False
0.24503291829616178,0.5757024663120962,-0.8968580474714626,0.0,0,False,False,False,False,False,True
1.3609074457632804,1.0739612774130698,-1.7088092928407654,0.0,0,False,False,False,True,False,True
-0.280084506394247,-1.7732319288782072,-0.7945374327739644,1.0,0,True,False,False,False,False,False
-1.06776064342986,1.5722200885140432,-0.16030813114874018,1.0,0,False,False,False,False,True,False
-0.01752579404904259,0.0774436552111228,-0.33004994148158223,1.0,0,True,False,True,False,False,True
1.6234661581084848,0.006263825053840878,1.4093185207038534,1.0,1,True,True,False,False,False,False
0.4419519525550651,0.006263825053840878,-0.46427742521202087,2.0,0,True,False,False,False,False,True
0.1137535621235596,-1.2749731177772337,0.27630355165233633,2.0,0,False,False,True,False,True,False
-1.06776064342986,0.21980331552568663,0.9785279626171375,1.0,0,False,False,False,True,False,True
0.1793932402098607,-0.6343546463616965,0.5154615909733316,1.0,0,True,False,False,True,False,True
1.163988411504377,0.5045226361548143,0.9702608723537847,2.0,0,True,False,False,False,False,True
-0.5426432187394513,-1.7732319288782072,-0.7648032370499049,1.0,0,True,True,False,False,False,True
1.0327090553317748,-0.13609583526072297,0.15324005593042556,2.0,0,True,False,False,True,False,False
-1.6585177462065699,-0.06491600510344105,1.964798663341139,1.0,0,True,False,False,False,True,False
-0.21444482830794587,-1.7732319288782072,-0.9233400655382029,1.0,1,True,False,False,True,False,False
-0.6082828968257524,0.006263825053840878,0.3136079424274661,2.0,0,False,False,True,False,False,True
1.098348733418076,-0.7055344765189784,-1.3641604488369863,2.0,1,True,False,False,False,False,True
0.7045106649002695,1.643399918671325,-1.2844684316206656,1.0,0,True,False,False,False,False,True
0.31067259638246286,0.5045226361548143,-1.224111840392187,2.0,0,True,False,False,False,True,False
-0.08316547213534368,0.14862348536840472,1.437481286047275,0.0,0,True,False,True,False,True,False
-1.4615987119476666,1.3586805980421974,-0.6616627456320743,2.0,0,True,False,False,False,False,False
1.689105836194786,-0.13609583526072297,1.391732165052721,1.0,1,False,False,False,False,False,True
-1.1334003215161612,0.7180621266266601,1.2158412793173847,1.0,0,True,False,True,False,True,False
0.1137535621235596,-0.8478941368335422,0.6379511729910098,2.0,0,False,False,False,True,False,True
0.24503291829616178,1.643399918671325,1.4812627029130312,0.0,0,True,False,True,False,False,False
1.3609074457632804,-1.4885126082490794,-1.0866868374524514,2.0,1,True,True,False,False,False,False
-0.14880515022164478,0.0774436552111228,0.34129244635069406,1.0,0,False,False,True,False,True,False
0.4419519525550651,-0.8478941368335422,-1.3358473727615034,2.0,0,True,False,False,True,False,False
-0.41136386256684915,-0.13609583526072297,-0.10324471141359669,1.0,1,False,False,False,False,True,False
-1.1334003215161612,1.4298604281994793,1.713219491707106,0.0,0,False,False,False,False,False,True
-1.1990399996024623,0.14862348536840472,1.2754463168855585,1.0,0,False,False,True,False,True,False
-0.14880515022164478,-1.2749731177772337,0.9220931150342493,0.0,0,False,True,False,False,False,False
-0.8052019310846557,0.6468822964693782,2.159232427567995,1.0,0,False,False,True,False,False,True
-0.5426432187394513,1.5010402583567612,-0.03359618402134962,2.0,0,False,True,False,False,False,False
-1.6585177462065699,0.6468822964693782,0.259701048065603,2.0,0,True,False,True,False,False,True
-0.9364812872572579,-0.20727566541800488,-1.6787608110405787,2.0,0,False,True,False,False,False,True
0.1793932402098607,-0.9190739669908241,-1.3627803230244266,1.0,0,True,True,False,False,False,True
0.7045106649002695,1.5010402583567612,1.2013841198155213,0.0,0,True,False,False,False,False,True
-0.01752579404904259,-0.6343546463616965,-1.5457358131666277,1.0,0,False,True,False,False,False,False
0.4419519525550651,0.3621629758402505,-0.1647901238865579,1.0,0,False,False,False,False,True,False
1.098348733418076,-1.1326134574626698,1.5057086937909463,2.0,0,False,False,True,False,False,True
-0.7395622529983547,0.7180621266266601,0.09456421197862833,2.0,0,True,False,True,False,False,False
-0.21444482830794587,0.21980331552568663,0.43410249109233484,1.0,0,False,False,True,False,False,False
0.1793932402098607,-0.7055344765189784,-0.12535405363856364,0.0,0,False,False,True,False,False,False
-0.34572418448054804,0.5045226361548143,-0.24155791413369268,1.0,1,True,False,True,False,True,False
-0.47700354065315026,-0.8478941368335422,1.6434616474188146,1.0,0,False,False,False,False,False,False
-1.3959590338613654,-1.3461529479345156,-0.6338142663647798,2.0,0,True,False,True,False,False,False
-0.21444482830794587,0.5045226361548143,-1.2642857996884802,2.0,0,False,True,False,False,True,False
0.6388709868139684,-1.6308722685636434,0.10095925039722205,0.0,1,True,False,False,True,False,False
-0.41136386256684915,0.006263825053840878,-0.6713236263199925,1.0,0,False,False,False,False,False,False
-1.1990399996024623,0.9316016170985059,-1.6628142088301112,2.0,0,True,True,False,False,True,False
-1.1334003215161612,-1.4885126082490794,0.7146916340141332,0.0,1,False,False,False,True,True,False
-0.8052019310846557,-0.20727566541800488,-1.0132395479226632,0.0,1,False,False,False,True,True,False
-1.3303193557750645,0.5045226361548143,-1.3424747095841911,0.0,0,True,False,False,False,False,True
-1.6585177462065699,0.29098314568296857,0.9917143132024856,0.0,0,False,True,False,False,True,False
-1.1334003215161612,0.5045226361548143,0.3675011721773233,1.0,0,False,False,False,True,False,True
-0.6739225749120535,1.2163209377276336,0.9516496708022363,1.0,0,True,False,False,True,False,True
-0.6739225749120535,-0.06491600510344105,1.4786254327959618,2.0,0,True,False,False,False,True,False
-0.9364812872572579,-0.2784554955752868,-0.798185884179444,2.0,1,False,False,True,False,False,True
-1.3959590338613654,-1.7732319288782072,-0.544761989924663,2.0,1,True,False,False,True,False,False
0.9014296991591727,-1.1326134574626698,1.4465135945829384,0.0,0,False,False,False,False,False,False
0.1793932402098607,-0.20727566541800488,0.56533742479356,1.0,0,False,False,False,False,True,False
1.2952677676769793,0.5045226361548143,-0.9511202217454695,1.0,0,True,True,False,False,False,True
0.048113884037258504,0.9316016170985059,1.4285719590196615,0.0,0,True,False,False,False,False,False
-1.002120965343559,0.14862348536840472,0.012248589257243888,2.0,0,False,False,False,False,False,True
1.3609074457632804,1.2163209377276336,-0.8947810264466202,2.0,1,True,False,True,False,False,True
1.5578264800221837,-1.2749731177772337,0.521118740343626,2.0,0,False,False,False,True,False,False
0.1137535621235596,0.0774436552111228,2.0807155669841513,1.0,1,True,True,False,False,True,False
1.689105836194786,-1.4885126082490794,-1.0329165892106438,0.0,0,False,False,False,False,False,True
0.6388709868139684,-0.7767143066762603,1.0294696361737978,2.0,0,False,True,False,False,False,False
1.0327090553317748,1.5722200885140432,1.9927701241164832,1.0,1,False,False,False,True,True,False
-0.47700354065315026,-0.2784554955752868,1.1437331217641398,2.0,0,False,False,False,False,False,True
0.5732313087276673,0.6468822964693782,0.355886251972613,1.0,0,False,False,False,False,False,True
1.689105836194786,0.29098314568296857,0.221098519149947,1.0,0,False,True,False,False,False,True
0.31067259638246286,1.5722200885140432,-1.6088389914082204,0.0,1,False,False,True,False,False,True
1.163988411504377,1.2875007678849155,-1.4751444275459982,0.0,0,True,False,False,True,True,False
-0.47700354065315026,0.5045226361548143,0.44849132753417076,2.0,0,True,False,False,True,False,True
1.2952677676769793,0.29098314568296857,0.31906012261767736,1.0,0,True,False,False,True,False,False
-0.14880515022164478,0.7180621266266601,-1.2431466449159068,1.0,0,False,False,False,False,False,False
-1.5928780681202688,-0.7055344765189784,0.2430438860308473,2.0,0,True,False,False,False,False,False
-1.2646796776887634,0.860421786941224,-0.5339669464402849,0.0,0,True,False,False,False,True,False
1.098348733418076,-0.20727566541800488,0.02503866609443102,2.0,0,True,True,False,False,False,False
1.4921868019358826,0.789241956783942,-0.013618521269247428,0.0,1,True,False,False,True,False,True
0.31067259638246286,0.789241956783942,1.1972164131538308,2.0,0,False,False,False,True,False,True
-0.6082828968257524,0.14862348536840472,-0.9154965782470216,1.0,0,False,False,False,True,False,False
0.048113884037258504,-0.8478941368335422,0.6921040303689727,1.0,1,True,False,True,False,True,False
0.6388709868139684,-1.5596924384063613,0.08889339799632828,0.0,0,False,False,False,False,True,False
1.5578264800221837,0.9316016170985059,-0.4085531374534208,1.0,0,False,False,False,True,False,True
1.098348733418076,0.5045226361548143,0.6888791819356647,2.0,0,False,False,False,True,False,True
-1.06776064342986,0.3621629758402505,0.2753880226479649,0.0,0,False,False,False,False,False,False
1.2296280895906782,-0.9190739669908241,-1.0150569413194004,2.0,0,False,False,False,False,True,False
-0.8052019310846557,0.7180621266266601,1.5710938622374644,2.0,0,True,False,False,True,False,False
-1.2646796776887634,-1.1326134574626698,0.13253816874202937,2.0,0,False,True,False,False,False,True
0.8357900210728716,1.5010402583567612,-1.5241730554218824,2.0,0,True,True,False,False,False,True
0.9014296991591727,0.3621629758402505,-1.4081741641068366,1.0,0,False,True,False,False,False,False
-1.1334003215161612,0.006263825053840878,0.7789972981122139,0.0,0,True,True,False,False,True,False
-0.8052019310846557,-0.8478941368335422,0.05197161635735426,0.0,1,True,False,True,False,False,True
-1.1990399996024623,-1.5596924384063613,-1.6714639082296192,2.0,0,False,True,False,False,False,True
-0.6082828968257524,0.5045226361548143,-1.0603004716697497,1.0,0,True,False,False,True,True,False
-0.21444482830794587,1.5010402583567612,-0.9844072165909697,2.0,0,False,False,False,True,False,True
-0.6739225749120535,-0.9190739669908241,0.5927896303126937,0.0,0,True,False,False,True,True,False
-0.01752579404904259,1.5722200885140432,1.1841940379125497,1.0,0,True,True,False,False,True,False
-1.1334003215161612,1.0739612774130698,0.14914067232876296,2.0,0,False,False,False,False,False,True
0.6388709868139684,0.5757024663120962,0.8966906013159466,2.0,0,True,False,False,True,False,False
-1.2646796776887634,1.2163209377276336,1.7708841543704934,1.0,1,False,True,False,False,False,True
-0.5426432187394513,0.6468822964693782,-1.1640148767918133,1.0,0,True,False,True,False,False,True
-1.1990399996024623,0.14862348536840472,-0.20326967129416385,0.0,0,False,False,True,False,False,True
-0.34572418448054804,0.3621629758402505,-1.1982310652536903,0.0,0,True,False,False,True,False,True
-0.01752579404904259,0.29098314568296857,-0.3579257499728878,2.0,0,True,False,False,False,False,False
-1.5272383900339677,0.4333428059975324,0.3450775438762292,2.0,0,False,False,True,False,False,False
-0.6082828968257524,-0.9190739669908241,-1.495873643958405,0.0,0,False,True,False,False,False,False
1.6234661581084848,1.0739612774130698,0.26869236276524955,0.0,0,True,True,False,False,True,False
1.2952677676769793,0.5757024663120962,0.2681731075090391,2.0,0,False,False,True,False,False,False
-0.14880515022164478,-1.2749731177772337,0.3596986787221591,0.0,1,True,False,False,True,True,False
-0.08316547213534368,1.1451411075703517,-1.2297279959264644,2.0,0,True,False,False,True,False,True
-1.3959590338613654,-0.06491600510344105,1.471793126793191,1.0,0,True,False,True,False,False,False
0.7045106649002695,0.5045226361548143,-1.2542149806403957,0.0,0,False,True,False,False,False,False
1.2296280895906782,-1.1326134574626698,-1.0815762725623785,0.0,0,False,False,False,False,False,False
1.5578264800221837,1.0027814472557879,-0.9546183624188884,2.0,0,False,True,False,False,False,False
-0.14880515022164478,0.5757024663120962,1.5544913586507307,1.0,0,True,False,False,False,False,False
0.31067259638246286,1.2875007678849155,0.6366803640744942,2.0,0,True,False,False,False,False,True
-0.01752579404904259,0.5045226361548143,2.0534546660330952,0.0,0,True,False,True,False,False,False
-0.34572418448054804,-1.4885126082490794,-1.6418390294016045,1.0,0,False,False,False,True,True,False
0.5075916306413661,1.3586805980421974,-1.2676336296298378,2.0,0,True,False,False,False,True,False
0.7701503429865705,0.0774436552111228,-1.1130185447871306,2.0,0,False,True,False,False,False,False
-0.14880515022164478,-1.2749731177772337,-1.1929701896315565,0.0,1,False,False,False,True,True,False
0.1137535621235596,-1.3461529479345156,0.5518094589080733,0.0,0,False,False,False,True,False,False
0.24503291829616178,-0.2784554955752868,1.2324574475161234,0.0,0,False,True,False,False,False,True
0.5075916306413661,1.4298604281994793,-0.0646558471099465,0.0,0,False,False,True,False,True,False
1.689105836194786,0.14862348536840472,0.8933427713745887,0.0,1,True,False,False,True,False,False
1.689105836194786,-1.2037932876199517,-0.2188883228164984,1.0,0,True,False,False,False,True,False
-0.21444482830794587,0.3621629758402505,-0.6095595800549429,0.0,0,True,True,False,False,False,False
-1.1990399996024623,-1.5596924384063613,0.49507398986106316,2.0,1,True,False,False,False,True,False
1.0327090553317748,-1.4885126082490794,0.8913204087977687,1.0,1,False,True,False,False,False,True
1.5578264800221837,-0.9190739669908241,-0.21211067526174954,2.0,0,False,True,False,False,True,False
-1.06776064342986,-1.4173327780917975,1.3020786456843594,0.0,0,False,False,False,True,True,False
-1.6585177462065699,-0.20727566541800488,-1.3841381115890885,0.0,0,True,True,False,False,True,False
-0.41136386256684915,1.5010402583567612,1.633841760566913,2.0,0,True,False,False,True,True,False
0.7045106649002695,0.6468822964693782,0.5065932577817348,1.0,0,False,True,False,False,False,False
-0.5426432187394513,0.5757024663120962,1.2045816390248179,1.0,0,True,False,False,True,False,True
-0.34572418448054804,0.860421786941224,-0.6250689146812329,0.0,0,True,False,False,True,False,True
1.4921868019358826,0.5757024663120962,0.48023422122304477,0.0,1,True,False,True,False,True,False
-1.4615987119476666,-1.061433627305388,-0.10947577448812405,2.0,0,False,False,False,True,True,False
1.098348733418076,-1.4173327780917975,0.11835430148027698,1.0,1,True,False,False,True,False,True
-1.5928780681202688,0.4333428059975324,2.159232427567995,1.0,0,False,False,False,True,False,True
-0.34572418448054804,0.6468822964693782,1.858419658877995,2.0,1,True,False,True,False,False,True
0.7045106649002695,0.5757024663120962,-0.0026185086047859065,1.0,0,False,False,False,False,False,True
-1.3959590338613654,1.2163209377276336,-0.37715185906468535,0.0,0,True,False,False,False,True,False
-0.6082828968257524,0.14862348536840472,1.182417638351829,1.0,0,True,False,True,False,False,True
1.4921868019358826,-1.4885126082490794,-0.6909733383839618,2.0,0,False,False,False,True,True,False
1.4265471238495815,0.5757024663120962,0.49169883069569426,2.0,0,False,False,False,True,True,False
-1.002120965343559,0.5045226361548143,-1.1895813658541823,0.0,1,False,True,False,False,False,True
1.2952677676769793,-0.990253797148106,-0.22312435253821658,0.0,0,True,False,False,False,False,False
0.9670693772454738,1.0027814472557879,1.0913703285589027,2.0,0,False,False,False,True,True,False
0.31067259638246286,1.2875007678849155,0.2988774906854916,1.0,1,True,False,False,True,False,True
0.1137535621235596,0.860421786941224,0.3107383739063021,0.0,0,False,False,False,False,True,False
1.163988411504377,1.2875007678849155,-0.39408231333955185,0.0,0,True,False,False,True,False,False
0.376312274468764,-0.990253797148106,-1.3591728654549633,1.0,0,True,False,True,False,False,True
-0.34572418448054804,0.789241956783942,0.6473524260508224,1.0,0,True,False,False,True,True,False
-1.2646796776887634,-1.7732319288782072,-1.4315133214123026,1.0,0,False,False,False,True,False,False
-1.06776064342986,1.0027814472557879,0.39678443570519983,2.0,0,True,False,False,False,False,False
0.1137535621235596,-1.4885126082490794,-0.6838950693650911,0.0,1,False,False,True,False,True,False
1.4265471238495815,-1.7020520987209253,-1.1008570401021984,1.0,0,True,True,False,False,False,True
0.6388709868139684,1.4298604281994793,1.5916864325298163,0.0,0,True,False,False,False,False,True
-0.41136386256684915,-0.06491600510344105,0.07212691906552833,0.0,0,True,True,False,False,True,False
-0.8708416091709568,0.860421786941224,-0.7666752888946644,2.0,0,True,True,False,False,False,False
-0.47700354065315026,-0.06491600510344105,0.09863626635627985,0.0,0,False,False,True,False,False,False
1.5578264800221837,1.5722200885140432,-0.9735575146585695,1.0,0,True,True,False,False,False,False
-1.002120965343559,-0.2784554955752868,1.4324663734412408,2.0,0,True,False,True,False,False,False
0.5732313087276673,-1.7732319288782072,-0.34797791243285325,2.0,1,False,False,False,True,True,False
0.5075916306413661,-0.06491600510344105,1.4493148400440747,2.0,1,True,False,True,False,False,False
1.163988411504377,0.5045226361548143,0.3719695003031355,0.0,0,False,False,False,False,True,False
-1.4615987119476666,-0.2784554955752868,1.6153535405234147,1.0,1,False,True,False,False,False,True
-0.8708416091709568,0.3621629758402505,-1.1919590083431464,1.0,1,True,False,True,False,False,True
0.7045106649002695,-0.4919949860471326,1.0432708942993951,1.0,1,True,False,False,False,False,False
-1.5928780681202688,1.5722200885140432,0.13384997149456143,0.0,0,False,False,True,False,False,False
1.5578264800221837,-0.5631748162044145,-1.491610285012676,0.0,0,False,True,False,False,False,False
-1.6585177462065699,-1.7732319288782072,0.46718451675775197,0.0,0,False,True,False,False,False,True
0.9014296991591727,-0.4919949860471326,0.5126740101242011,0.0,0,False,False,False,False,True,False
-0.08316547213534368,-0.8478941368335422,-0.891173568877157,0.0,1,False,False,False,False,True,False
0.7045106649002695,-1.061433627305388,-0.26019644490925176,0.0,0,False,False,False,False,True,False
0.6388709868139684,-1.2749731177772337,2.159232427567995,2.0,1,False,False,False,False,False,False
-1.3303193557750645,-0.5631748162044145,0.8608756532494214,2.0,0,False,False,False,False,True,False
-1.2646796776887634,-1.2037932876199517,0.9495453205533829,2.0,0,True,True,False,False,False,False
-1.4615987119476666,1.2163209377276336,-0.8453561248225748,2.0,1,False,False,False,True,False,True
0.5732313087276673,0.14862348536840472,1.7670307337849303,2.0,0,True,False,False,False,True,False
0.9670693772454738,-1.061433627305388,1.128182793301833,0.0,0,True,False,False,True,False,False
0.5075916306413661,1.643399918671325,1.7777164603732643,1.0,0,False,False,False,False,True,False
0.1793932402098607,1.0739612774130698,-1.0958421274961643,1.0,0,False,False,False,False,False,True
-1.3959590338613654,0.29098314568296857,-1.1178694820490982,1.0,0,True,False,False,False,True,False
0.048113884037258504,1.2875007678849155,-1.2583553580780749,0.0,0,True,True,False,False,True,False
0.4419519525550651,0.0774436552111228,0.12182511292968458,1.0,0,False,False,False,True,False,True
1.2952677676769793,0.006263825053840878,1.4611893878768907,1.0,0,False,True,False,False,False,False
1.689105836194786,1.643399918671325,0.06455672401445814,0.0,1,False,False,True,False,False,False
-1.06776064342986,-0.990253797148106,1.0162696209764441,1.0,1,False,False,False,False,False,False
-1.3303193557750645,0.860421786941224,1.5142900701304263,2.0,0,True,False,False,False,True,False
0.5075916306413661,0.0774436552111228,-1.197137896293247,1.0,0,True,False,False,True,True,False
-1.1990399996024623,0.789241956783942,-0.994901638611226,2.0,0,True,True,False,False,False,False
0.31067259638246286,-0.6343546463616965,1.2046499620848456,0.0,0,True,True,False,False,False,False
-1.1334003215161612,1.4298604281994793,0.5123733886600791,1.0,0,True,True,False,False,True,False
-0.34572418448054804,-1.2037932876199517,1.0975057393493914,0.0,1,True,False,False,False,False,False
-1.1990399996024623,-1.4173327780917975,-0.8369797176631777,2.0,0,True,False,False,True,False,False
-1.4615987119476666,-0.9190739669908241,0.02999892025244259,2.0,0,False,False,True,False,True,False
-0.280084506394247,-1.4173327780917975,-0.8402728891565132,1.0,0,False,False,True,False,False,True
0.1137535621235596,0.860421786941224,-1.4749121291419038,2.0,0,False,True,False,False,True,False
1.2296280895906782,-1.5596924384063613,-1.2566336169653767,0.0,0,False,False,False,True,False,False
-1.4615987119476666,-0.7055344765189784,-0.443507214963597,1.0,1,True,True,False,False,False,False
0.8357900210728716,0.7180621266266601,-0.22539267813113634,1.0,0,True,True,False,False,False,True
-0.34572418448054804,1.2163209377276336,-1.108919161185468,2.0,1,False,True,False,False,False,True
-1.1990399996024623,-0.8478941368335422,-0.9419649317017565,2.0,0,True,False,True,False,True,False
-0.41136386256684915,0.21980331552568663,-0.749170920915565,0.0,0,True,False,True,False,False,True
0.376312274468764,-0.13609583526072297,1.1638747598603083,0.0,0,True,True,False,False,False,False
-1.6585177462065699,0.9316016170985059,-1.2376398062776732,0.0,0,True,False,False,True,False,False
-1.3303193557750645,0.9316016170985059,1.196833804017676,2.0,0,False,False,True,False,False,False
0.1137535621235596,1.3586805980421974,2.159232427567995,2.0,0,False,True,False,False,False,False
1.163988411504377,-0.06491600510344105,-0.2930188429465635,0.0,0,False,False,True,False,False,True
0.31067259638246286,1.4298604281994793,1.176815147429557,0.0,0,False,False,False,False,False,False
-1.06776064342986,1.4298604281994793,0.7626817513775966,1.0,0,True,False,False,False,False,False
-0.41136386256684915,-1.6308722685636434,-1.1893763966740991,0.0,0,False,False,True,False,False,False
-1.1990399996024623,1.1451411075703517,1.1862847235493972,1.0,0,True,True,False,False,True,False
-0.280084506394247,0.0774436552111228,-0.11535155765050703,2.0,0,False,False,True,False,True,False
0.7701503429865705,-0.990253797148106,0.6266232096384156,0.0,0,True,False,False,True,False,False
0.1793932402098607,1.2163209377276336,1.2124114617039934,1.0,0,False,True,False,False,False,True
-1.1334003215161612,-1.7020520987209253,-1.4498922245597565,0.0,1,True,True,False,False,False,True
1.163988411504377,0.860421786941224,0.14348352295846878,1.0,0,True,True,False,False,True,False
1.3609074457632804,0.006263825053840878,1.2251058862571418,0.0,1,True,True,False,False,True,False
-1.6585177462065699,0.21980331552568663,-0.23812809652030137,0.0,0,True,False,False,True,False,True
0.9670693772454738,1.3586805980421974,0.8128172128259302,0.0,0,True,False,True,False,True,False
1.689105836194786,0.29098314568296857,1.601292654769712,2.0,1,True,False,True,False,True,False
0.8357900210728716,0.860421786941224,0.8237215732063528,0.0,0,True,False,False,False,False,False
-0.01752579404904259,1.0739612774130698,-1.0822868323866668,0.0,0,True,True,False,False,False,True
-1.002120965343559,0.4333428059975324,-0.29131076644587073,1.0,0,True,False,False,False,False,False
1.689105836194786,0.860421786941224,0.3914279077990276,1.0,0,False,False,False,True,True,False
0.5732313087276673,-0.3496353257325687,1.4944217242743683,2.0,0,False,False,True,False,True,False
-0.14880515022164478,-1.2749731177772337,-0.4125568687710445,1.0,0,False,False,True,False,True,False
0.4419519525550651,-1.4173327780917975,-0.9925103315102562,0.0,0,False,True,False,False,True,False
-0.41136386256684915,-1.5596924384063613,0.09155799733740934,0.0,0,False,False,True,False,False,True
0.048113884037258504,-0.6343546463616965,1.6028640851503495,1.0,1,True,False,False,True,False,True
-0.7395622529983547,-0.3496353257325687,0.39062169569070043,2.0,0,False,False,False,True,False,True
0.4419519525550651,-1.5596924384063613,-0.6947994297455136,2.0,1,False,True,False,False,False,True
1.689105836194786,0.6468822964693782,1.5151782699107867,1.0,1,True,False,False,False,False,False
-1.2646796776887634,0.29098314568296857,-0.7499088099638643,1.0,0,False,True,False,False,False,False
0.5075916306413661,0.0774436552111228,-1.1778707933654327,0.0,1,False,False,False,True,False,False
1.2296280895906782,-0.990253797148106,-1.4097046006514575,2.0,0,True,False,True,False,True,False
1.6234661581084848,1.5722200885140432,-1.1706968720625233,1.0,0,False,False,True,False,False,True
1.2952677676769793,-0.42081515588985063,0.8362246931914237,0.0,0,False,False,True,False,False,True
1.0327090553317748,1.0027814472557879,-0.6564975222939795,0.0,0,True,False,False,True,False,True
-1.3959590338613654,1.2875007678849155,0.5639163051449834,2.0,0,True,False,False,False,False,False
0.24503291829616178,1.0739612774130698,0.6080256726988728,2.0,0,True,True,False,False,True,False
0.1137535621235596,0.5045226361548143,0.5508666006796908,1.0,1,True,False,False,False,True,False
-0.5426432187394513,-1.1326134574626698,-0.8757735511469112,1.0,0,False,False,True,False,True,False
0.6388709868139684,-1.4885126082490794,0.6314604822883774,2.0,1,False,True,False,False,False,False
-1.5272383900339677,-1.061433627305388,1.492918616953759,2.0,1,False,False,False,True,False,True
-0.34572418448054804,-0.3496353257325687,0.16287360739433257,0.0,0,True,False,False,True,False,False
1.2952677676769793,-0.42081515588985063,-1.433795311617228,2.0,0,False,False,False,False,False,True
-0.6739225749120535,1.2875007678849155,1.8826333513518152,0.0,0,True,True,False,False,True,False
0.7045106649002695,-1.2037932876199517,2.159232427567995,1.0,0,False,False,True,False,False,True
1.0327090553317748,0.29098314568296857,1.749471707357809,2.0,0,True,False,False,False,True,False
-1.3959590338613654,1.5722200885140432,1.3746104062097768,1.0,0,False,False,False,True,True,False
1.5578264800221837,-1.5596924384063613,0.11254684137792165,0.0,0,False,True,False,False,True,False
1.6234661581084848,-1.2037932876199517,0.6319934021565933,1.0,0,True,True,False,False,False,True
-0.8052019310846557,1.0027814472557879,0.8768632492959055,0.0,0,True,False,False,True,False,False
0.31067259638246286,-1.6308722685636434,1.479909906324483,2.0,0,True,False,True,False,True,False
1.2952677676769793,0.860421786941224,-0.5457595066010675,1.0,0,False,False,True,False,False,True
-0.14880515022164478,-0.06491600510344105,1.6525896082385165,2.0,0,False,False,False,True,True,False
0.5732313087276673,0.789241956783942,-0.14425221204222838,0.0,1,True,False,False,True,False,True
0.6388709868139684,0.29098314568296857,0.2896948714177677,0.0,0,True,False,True,False,False,False
-1.06776064342986,0.3621629758402505,-1.1293340915217478,2.0,0,True,False,False,False,True,False
0.048113884037258504,-0.6343546463616965,-0.10441986804607346,0.0,1,True,False,False,False,True,False
0.048113884037258504,-1.1326134574626698,-1.356084663141711,0.0,0,False,True,False,False,True,False
-0.21444482830794587,-1.2749731177772337,0.30760917775703306,1.0,1,True,True,False,False,False,False
-0.8708416091709568,-1.7020520987209253,1.6391572946370687,1.0,0,True,False,False,False,False,True
-0.6739225749120535,0.4333428059975324,-1.5763855378950584,2.0,0,False,True,False,False,True,False
0.5732313087276673,-1.061433627305388,0.3277098220171853,0.0,0,False,False,False,False,True,False
0.048113884037258504,-1.1326134574626698,-0.8738878346901464,1.0,0,True,True,False,False,False,False
1.689105836194786,1.0739612774130698,0.579234335203196,2.0,0,False,False,False,False,False,True
0.8357900210728716,0.4333428059975324,-0.8912282273251793,0.0,0,True,True,False,False,False,False
1.3609074457632804,-0.13609583526072297,-0.03448438380170966,1.0,1,False,True,False,False,False,False
-0.6082828968257524,-1.3461529479345156,-1.0695514139975018,2.0,0,False,False,False,False,True,False
1.4265471238495815,0.21980331552568663,0.5601858660674705,1.0,1,True,False,True,False,False,True
0.9670693772454738,-1.7020520987209253,1.205469838805178,0.0,1,False,False,False,False,True,False
-1.6585177462065699,-0.7055344765189784,-0.32638782546409706,2.0,1,True,False,False,False,True,False
-1.002120965343559,0.3621629758402505,-1.3940722845171174,1.0,1,True,False,False,True,False,False
-0.9364812872572579,-0.990253797148106,-0.7789461104756409,1.0,0,False,False,True,False,False,False
-0.8052019310846557,0.4333428059975324,-1.4478971912069474,1.0,0,False,True,False,False,True,False
-1.1990399996024623,1.5010402583567612,-0.696698810814284,1.0,0,True,False,True,False,False,False
0.31067259638246286,1.0739612774130698,-0.2598275003851021,2.0,0,False,False,True,False,False,False
-1.2646796776887634,-0.5631748162044145,-0.4508724408345841,0.0,0,False,False,True,False,False,True
1.2952677676769793,-1.6308722685636434,1.6233473385466566,0.0,1,False,False,False,True,True,False
0.31067259638246286,-0.7055344765189784,1.5748516305389884,0.0,0,True,False,False,True,True,False
-0.6739225749120535,1.643399918671325,0.9088111121648624,1.0,1,False,True,False,False,False,True
1.0327090553317748,1.1451411075703517,-1.6353073448629551,1.0,0,False,False,False,False,False,False
0.8357900210728716,-0.5631748162044145,-0.8294778456721352,2.0,0,True,False,True,False,False,True
1.163988411504377,1.2875007678849155,-0.43994075123015053,1.0,1,False,True,False,False,False,True
-0.47700354065315026,-0.7767143066762603,-1.401396516552088,2.0,0,True,True,False,False,False,True
-1.1990399996024623,1.0739612774130698,-0.2781244158605226,1.0,0,True,False,False,True,False,False
0.1793932402098607,0.789241956783942,0.9856608900840303,2.0,0,True,False,False,False,False,True
-1.5928780681202688,-0.20727566541800488,-0.2881269118485796,2.0,0,True,False,False,False,True,False
1.0327090553317748,0.006263825053840878,0.42407266588026715,1.0,0,False,False,False,True,False,False
-1.5272383900339677,-1.3461529479345156,-0.3042784832391301,2.0,0,True,False,True,False,False,True
1.6234661581084848,1.5722200885140432,0.49952865337486985,1.0,0,True,False,False,True,False,True
0.1793932402098607,-0.3496353257325687,-1.4617941016165836,0.0,0,True,True,False,False,False,True
-0.7395622529983547,0.21980331552568663,0.8333004662222376,1.0,0,False,False,False,True,False,True
0.7701503429865705,1.3586805980421974,1.5635783256344162,2.0,0,True,False,False,False,False,True
0.1137535621235596,-1.3461529479345156,0.6192443191554231,2.0,1,True,False,True,False,False,True
0.7045106649002695,-1.4173327780917975,0.4413447354552723,1.0,0,True,True,False,False,True,False
0.376312274468764,0.0774436552111228,-0.27872565878876654,0.0,1,True,True,False,False,False,False
0.24503291829616178,1.2163209377276336,-1.364201442673003,1.0,1,True,False,False,False,True,False
1.6234661581084848,1.4298604281994793,-1.2787839530263603,2.0,0,True,False,False,True,False,True
1.3609074457632804,-0.6343546463616965,-1.5040724111617303,0.0,1,True,True,False,False,False,True
0.24503291829616178,-0.13609583526072297,-1.7107223385215413,2.0,0,True,False,False,True,False,True
1.6234661581084848,0.14862348536840472,-0.32279403250663935,1.0,0,True,True,False,False,True,False
0.5075916306413661,0.006263825053840878,-0.6898255109754964,1.0,0,True,False,False,False,False,True
-0.8708416091709568,0.860421786941224,-1.0449687769995317,1.0,1,True,True,False,False,True,False
0.4419519525550651,0.006263825053840878,0.27687746535656915,0.0,0,True,True,False,False,False,False
1.0327090553317748,1.0027814472557879,-0.025329093757996794,2.0,0,False,False,True,False,True,False
-0.6082828968257524,-1.7732319288782072,-1.1918633560591076,1.0,0,False,True,False,False,True,False
-1.5272383900339677,-0.4919949860471326,0.23608859852002656,1.0,0,True,False,False,False,False,False
-1.1334003215161612,0.006263825053840878,1.1380623077818397,2.0,0,False,True,False,False,False,True
1.689105836194786,0.6468822964693782,0.41420681601226583,0.0,0,False,False,False,False,True,False
-1.002120965343559,-0.7055344765189784,-0.17640504409126856,1.0,1,False,False,False,True,False,False
1.4921868019358826,-0.9190739669908241,-0.1798348617046596,1.0,1,True,False,False,False,True,False
0.048113884037258504,-1.1326134574626698,0.5380628592304982,2.0,0,False,False,False,True,True,False
0.1137535621235596,-1.2749731177772337,1.9292570075147248,2.0,0,False,True,False,False,False,False
-1.5928780681202688,0.0774436552111228,0.4308366488230105,0.0,0,True,False,False,False,True,False
-1.6585177462065699,0.006263825053840878,-0.6914106059681393,0.0,0,False,False,True,False,False,False
-1.3303193557750645,-1.6308722685636434,-0.1413006558490312,1.0,0,False,False,False,False,True,False
-0.08316547213534368,1.3586805980421974,0.9681975159409478,1.0,0,False,False,False,True,False,True
0.5732313087276673,0.7180621266266601,0.19238916932630337,1.0,0,False,False,False,True,False,False
-0.6739225749120535,1.0739612774130698,-1.0795265807615473,0.0,0,True,False,True,False,False,True
-1.4615987119476666,-1.2749731177772337,0.24289357529878647,1.0,0,False,False,False,False,True,False
1.3609074457632804,0.4333428059975324,0.5523150495522783,1.0,0,True,True,False,False,False,True
0.7701503429865705,-0.4919949860471326,1.3227532036487446,2.0,0,False,False,False,False,False,False
1.163988411504377,-0.990253797148106,-1.5318798965930083,0.0,0,False,False,False,False,True,False
-0.41136386256684915,1.3586805980421974,1.807928917517517,1.0,0,False,False,False,False,False,False
-0.08316547213534368,1.3586805980421974,-1.6221073296656017,2.0,0,False,False,True,False,True,False
-1.2646796776887634,-0.9190739669908241,0.7038692613057441,2.0,0,False,False,True,False,False,True
-0.34572418448054804,1.2875007678849155,1.434912338990233,2.0,1,True,False,True,False,False,True
-1.2646796776887634,1.5722200885140432,1.6355225078435949,2.0,0,True,False,True,False,False,False
0.1793932402098607,1.3586805980421974,-0.46575320330861947,0.0,0,True,False,True,False,False,False
1.689105836194786,-1.3461529479345156,-1.3057578971253,2.0,1,False,True,False,False,True,False
-1.2646796776887634,1.5010402583567612,-0.5467160294414555,1.0,0,True,False,False,False,False,False
-1.5272383900339677,1.5010402583567612,0.5956455342218518,2.0,0,False,False,False,False,False,False
0.1793932402098607,-0.7055344765189784,1.675901436319971,0.0,0,True,True,False,False,False,True
0.1793932402098607,0.4333428059975324,0.2716439189584467,0.0,0,True,True,False,False,False,False
0.8357900210728716,-1.2037932876199517,-0.2463541929476379,1.0,1,True,True,False,False,False,False
0.7701503429865705,0.006263825053840878,0.16245000442216084,2.0,0,False,True,False,False,True,False
-1.3303193557750645,1.5722200885140432,-0.032052082864723226,1.0,0,True,False,True,False,False,True
1.2952677676769793,1.0027814472557879,-0.997046982696096,0.0,1,False,False,False,False,False,True
-1.06776064342986,1.5010402583567612,-0.33440895271135,0.0,0,True,True,False,False,True,False
0.7045106649002695,-0.42081515588985063,0.24909730914930248,1.0,0,False,False,False,True,False,True
-0.8052019310846557,-1.4173327780917975,1.389791790147934,2.0,0,False,True,False,False,True,False
-0.280084506394247,-1.061433627305388,-0.5013358529710507,0.0,0,False,False,False,False,True,False
0.376312274468764,0.21980331552568663,-0.8558642114548367,0.0,0,False,False,False,True,False,False
-0.5426432187394513,-1.3461529479345156,-0.7941958174738257,0.0,1,False,True,False,False,False,False
0.6388709868139684,0.21980331552568663,0.2143482008192092,0.0,0,False,False,True,False,True,False
1.2952677676769793,1.2163209377276336,1.2164561868576338,1.0,0,False,False,True,False,False,False
1.689105836194786,-1.5596924384063613,0.32254459867909047,0.0,0,False,False,False,True,False,False
-1.1334003215161612,-0.13609583526072297,1.846135172685013,2.0,1,False,False,True,False,False,True
-0.01752579404904259,-1.6308722685636434,-1.651540903925539,1.0,1,False,False,False,True,False,True
-0.280084506394247,-0.990253797148106,-1.0594122718893895,0.0,0,True,True,False,False,False,False
1.2952677676769793,0.6468822964693782,-1.3546772081051401,0.0,0,False,False,False,False,True,False
0.7701503429865705,-1.2749731177772337,-0.3692673779374877,0.0,1,True,False,False,True,True,False
-0.21444482830794587,0.860421786941224,2.112390137612998,2.0,0,True,True,False,False,False,False
-0.6082828968257524,1.0739612774130698,1.5450627763669067,0.0,0,False,False,False,True,False,False
-0.01752579404904259,0.860421786941224,-0.7961361923786128,0.0,1,True,False,False,False,True,False
1.3609074457632804,-0.7767143066762603,0.03437159609421608,2.0,0,False,False,True,False,False,True
0.7701503429865705,-1.4885126082490794,-0.4314140333386924,0.0,0,False,False,True,False,False,True
-1.5928780681202688,1.0027814472557879,0.7092941122719444,2.0,0,True,False,False,True,True,False
-1.3303193557750645,-0.7055344765189784,-1.5856364802228102,1.0,0,False,False,False,False,False,False
-1.2646796776887634,1.4298604281994793,-1.6795943523729167,1.0,0,True,True,False,False,False,True
-0.8708416091709568,0.14862348536840472,-0.6243583548569448,1.0,0,True,True,False,False,True,False
0.048113884037258504,-0.9190739669908241,-1.253668396160174,0.0,0,True,True,False,False,False,False
-1.002120965343559,1.0739612774130698,0.14930464767282964,0.0,0,True,False,False,True,False,False
-0.7395622529983547,-1.061433627305388,-1.1921093190752075,1.0,0,False,False,True,False,False,True
-1.1334003215161612,0.789241956783942,-0.1434869937699181,2.0,0,False,False,False,True,False,False
-1.1990399996024623,-1.6308722685636434,0.7216879153609709,1.0,0,False,False,False,True,True,False
1.2952677676769793,-1.2749731177772337,-0.12855157284786067,0.0,0,True,False,False,True,True,False
-1.3303193557750645,0.860421786941224,-0.9681189990803638,1.0,0,False,True,False,False,True,False
1.4265471238495815,1.5010402583567612,2.159232427567995,2.0,1,True,False,False,False,True,False
1.098348733418076,0.5757024663120962,0.9377117665565838,2.0,0,True,False,False,True,False,False
-1.4615987119476666,0.860421786941224,0.7936594267941603,1.0,0,True,True,False,False,True,False
-1.002120965343559,1.1451411075703517,-1.133529127407449,0.0,0,True,False,False,True,False,True
1.6234661581084848,-0.13609583526072297,0.3918105169351827,2.0,0,True,False,False,True,False,False
0.1137535621235596,-0.5631748162044145,-0.46878674717384977,0.0,0,True,True,False,False,False,False
-0.01752579404904259,-0.06491600510344105,-0.6144378465409214,1.0,0,False,False,False,False,False,False
-1.4615987119476666,-0.9190739669908241,1.2013431259795044,2.0,0,False,False,False,False,True,False
-0.7395622529983547,0.9316016170985059,-1.0749489357396906,1.0,0,False,False,True,False,False,False
-0.47700354065315026,-0.2784554955752868,-0.8705809985848053,0.0,0,True,False,False,True,True,False
-1.3303193557750645,0.29098314568296857,1.0710373858946562,1.0,0,True,False,True,False,True,False
-1.3959590338613654,0.29098314568296857,-0.016802375866538603,0.0,0,False,True,False,False,False,False
-0.5426432187394513,0.789241956783942,0.39360058110790863,1.0,0,False,False,False,True,False,False
-1.3303193557750645,1.3586805980421974,-1.5076525395071825,1.0,0,False,True,False,False,True,False
0.31067259638246286,1.2163209377276336,-0.022691823640927113,1.0,0,True,False,True,False,False,False
-0.08316547213534368,-0.7767143066762603,0.4032477971838212,0.0,0,False,True,False,False,False,False
-1.4615987119476666,0.6468822964693782,0.821685546017527,1.0,0,False,True,False,False,True,False
-1.3303193557750645,-1.4173327780917975,-0.7969970629349619,2.0,1,True,False,False,False,True,False
0.9670693772454738,-1.061433627305388,-0.2968995927561376,2.0,0,True,False,False,True,False,False
0.7045106649002695,0.14862348536840472,1.2313096201076583,2.0,0,False,False,False,True,True,False
1.5578264800221837,0.29098314568296857,-0.9402568552010638,1.0,0,False,False,False,True,True,False
-0.08316547213534368,-0.7055344765189784,1.185615157561126,2.0,0,True,True,False,False,False,True
0.5075916306413661,0.14862348536840472,-0.8048952086741651,2.0,0,True,False,False,False,False,False
-0.47700354065315026,-0.06491600510344105,-1.264559091928591,0.0,0,True,False,True,False,False,False
0.5075916306413661,1.5722200885140432,1.1347281424524875,1.0,0,True,False,False,True,False,False
-0.7395622529983547,0.29098314568296857,1.4392440209959898,1.0,0,False,True,False,False,False,False
1.5578264800221837,1.3586805980421974,-0.9309649190372952,0.0,1,False,False,False,False,False,False
-1.1990399996024623,-0.8478941368335422,-0.19948457376862874,2.0,0,False,False,False,False,True,False
1.163988411504377,0.0774436552111228,-0.18087337221708075,0.0,0,False,False,False,True,False,False
1.3609074457632804,1.5722200885140432,1.87872527231823,0.0,0,False,False,False,False,False,False
1.4921868019358826,0.29098314568296857,-0.9012853817612582,1.0,0,True,False,False,False,False,True
0.5075916306413661,-1.1326134574626698,-0.40627114724849533,2.0,0,True,True,False,False,True,False
-0.5426432187394513,-0.42081515588985063,-1.3388945812387392,0.0,1,False,False,True,False,False,False
0.24503291829616178,1.2875007678849155,-0.8829064786138042,2.0,0,True,False,False,False,False,False
-0.8708416091709568,-1.3461529479345156,1.8256109254526884,2.0,0,False,False,True,False,False,False
1.3609074457632804,0.5757024663120962,-0.1257776566107357,1.0,0,False,False,False,False,False,False
0.4419519525550651,0.0774436552111228,1.0827342937714006,2.0,0,False,False,False,False,True,False
0.5732313087276673,-0.20727566541800488,0.4052291659246248,2.0,1,False,False,False,False,False,True
1.689105836194786,1.4298604281994793,-0.1944833257746006,0.0,0,True,False,False,True,False,True
-0.14880515022164478,1.3586805980421974,-0.9902966643653585,0.0,0,False,False,False,True,False,False
-0.01752579404904259,-0.06491600510344105,1.1168138361132218,0.0,0,False,False,False,True,False,True
1.3609074457632804,0.14862348536840472,0.3002439518860458,1.0,1,False,False,True,False,False,True
1.6234661581084848,-0.5631748162044145,0.6300803564758176,2.0,0,True,False,True,False,False,True
1.163988411504377,-0.9190739669908241,-0.9407077873972466,1.0,0,False,False,False,True,False,True
1.0327090553317748,-0.9190739669908241,-1.0749216065156797,2.0,0,True,False,True,False,False,True
1.3609074457632804,1.3586805980421974,0.0612498879091172,1.0,0,True,True,False,False,True,False
-1.6585177462065699,0.5757024663120962,1.794920206888242,1.0,1,False,False,True,False,True,False
-0.8708416091709568,-0.8478941368335422,-0.7806131931403171,2.0,1,True,True,False,False,True,False
-1.06776064342986,0.14862348536840472,-1.048630893017017,0.0,0,True,False,False,True,False,True
-0.47700354065315026,-0.9190739669908241,-0.2530635174423588,1.0,0,False,True,False,False,True,False
-1.3959590338613654,0.5757024663120962,-0.48395446650000123,2.0,0,False,False,False,True,False,True
-1.1990399996024623,-1.4885126082490794,1.2643779811610696,0.0,0,True,False,False,True,False,True
-1.4615987119476666,1.0027814472557879,-0.26773931073631085,0.0,0,False,False,False,True,True,False
1.4921868019358826,-1.1326134574626698,-0.009491808443573472,2.0,0,True,False,True,False,False,False
-0.8708416091709568,0.7180621266266601,-0.4013655515385057,2.0,0,False,False,False,False,False,True
0.7701503429865705,-1.4173327780917975,0.32280422630719585,2.0,0,False,False,False,False,False,True
1.2952677676769793,-0.3496353257325687,-0.19105350816120958,2.0,0,False,True,False,False,True,False
1.4921868019358826,0.6468822964693782,0.8943676172750047,0.0,0,True,False,False,False,False,True
1.2952677676769793,-0.7055344765189784,-1.6710539698694529,0.0,0,True,False,False,True,False,True
-0.47700354065315026,-0.42081515588985063,0.4406888340790063,1.0,1,True,False,False,False,False,True
1.689105836194786,0.3621629758402505,0.5238106689087179,2.0,0,False,True,False,False,True,False
1.5578264800221837,-1.4885126082490794,0.3055458213441962,0.0,1,True,False,False,True,False,False
-1.1990399996024623,-1.4173327780917975,1.0933243680756957,2.0,0,False,False,True,False,False,False
0.048113884037258504,-1.7020520987209253,0.40811239905779406,1.0,0,False,False,False,True,True,False
1.5578264800221837,0.9316016170985059,1.1521915165955703,1.0,0,True,False,False,True,False,True
1.3609074457632804,-0.2784554955752868,-0.9780941658444093,1.0,0,False,True,False,False,False,False
0.24503291829616178,-1.061433627305388,-0.3028163697545372,1.0,1,True,False,True,False,True,False
-1.4615987119476666,-0.7767143066762603,-0.17861871123616652,0.0,0,False,False,False,True,True,False
-1.002120965343559,-0.9190739669908241,0.41446644364037116,2.0,0,True,False,True,False,False,True
-0.34572418448054804,0.5045226361548143,0.9515676831302031,1.0,0,False,False,False,True,False,True
1.098348733418076,1.4298604281994793,1.1983915697863077,2.0,0,False,False,False,True,True,False
-1.5928780681202688,-0.8478941368335422,-0.01232038312872057,2.0,0,True,True,False,False,True,False
-0.34572418448054804,0.9316016170985059,-0.30505736612344586,0.0,1,True,False,False,True,True,False
-0.6082828968257524,-1.7020520987209253,0.6713474847325541,2.0,1,False,False,False,True,False,False
1.098348733418076,-1.1326134574626698,2.0739652486534137,1.0,0,True,False,False,True,False,True
1.6234661581084848,1.1451411075703517,-1.124701788051869,2.0,1,False,False,False,False,True,False
0.1793932402098607,0.29098314568296857,0.15956677128899163,2.0,0,False,False,True,False,False,True
0.048113884037258504,0.4333428059975324,-0.10282110844142496,1.0,0,False,True,False,False,False,False
-0.14880515022164478,-1.2037932876199517,1.593777118166664,2.0,0,False,True,False,False,True,False
1.4921868019358826,1.5722200885140432,-0.3707978144821084,1.0,0,False,True,False,False,False,True
-1.5272383900339677,-0.7055344765189784,1.4287086051397169,0.0,0,True,False,False,True,False,False
0.8357900210728716,0.9316016170985059,-0.46757059670535644,1.0,0,True,False,True,False,True,False
-1.06776064342986,-1.4885126082490794,-0.42421278281177194,2.0,0,True,False,False,False,False,True
-1.5272383900339677,1.4298604281994793,-0.4813581902189483,1.0,1,False,False,False,False,True,False
1.2296280895906782,-0.7767143066762603,-0.07010802730015775,2.0,0,True,True,False,False,False,True
1.0327090553317748,-1.5596924384063613,0.48863795760645284,0.0,0,True,False,True,False,False,True
-0.01752579404904259,-0.13609583526072297,-1.0386557262529714,2.0,0,True,False,False,False,False,False
0.7045106649002695,-0.06491600510344105,1.1915455991715307,1.0,0,False,True,False,False,False,False
0.048113884037258504,0.789241956783942,1.3037867221850528,1.0,0,True,False,False,False,False,False
-1.3959590338613654,-0.13609583526072297,-0.22379391852648783,1.0,0,True,False,False,False,False,False
1.0327090553317748,1.1451411075703517,-1.152058341286964,1.0,1,True,False,True,False,False,False
-1.002120965343559,-0.9190739669908241,-0.0642049149137634,0.0,1,False,True,False,False,False,True
-0.8708416091709568,-0.42081515588985063,0.6767176772507325,2.0,0,True,False,False,False,False,False
0.9670693772454738,-1.4885126082490794,0.2978389801730707,0.0,0,False,False,False,True,False,True
0.5075916306413661,-0.42081515588985063,0.03509582053050976,1.0,0,False,False,False,True,False,True
0.7701503429865705,-0.5631748162044145,-0.5374104286656813,1.0,0,True,False,False,False,True,False
0.9014296991591727,0.9316016170985059,1.0629616001993811,2.0,1,False,False,True,False,False,True
0.4419519525550651,1.643399918671325,1.2870612370902692,0.0,0,True,False,True,False,False,True
0.5075916306413661,-1.6308722685636434,0.5272814803581255,2.0,0,False,False,False,False,False,False
0.048113884037258504,1.2875007678849155,-1.0535638179510176,0.0,0,True,False,True,False,False,True
0.6388709868139684,0.3621629758402505,0.04779024508365819,0.0,0,True,False,True,False,False,False
-0.01752579404904259,0.29098314568296857,-1.2660212054131839,0.0,0,False,False,False,True,False,True
1.6234661581084848,1.0739612774130698,0.04282999092564662,1.0,0,True,True,False,False,False,True
-0.08316547213534368,-0.13609583526072297,-0.38142888262242,1.0,0,False,True,False,False,False,False
-0.47700354065315026,-1.4885126082490794,-0.953702833414517,0.0,0,True,False,False,False,True,False
-0.34572418448054804,-0.42081515588985063,-1.3110461019714446,1.0,0,False,False,False,False,False,True
0.31067259638246286,-0.13609583526072297,1.3812787368684807,2.0,0,False,False,False,False,False,True
0.1793932402098607,-0.6343546463616965,-0.8376629482634548,1.0,1,False,False,False,True,False,False
-1.1334003215161612,-1.2749731177772337,-1.2932001186922069,0.0,0,False,False,False,True,False,False
-0.47700354065315026,-0.3496353257325687,-0.2423367970180085,0.0,0,False,False,True,False,True,False
-0.01752579404904259,-0.8478941368335422,-0.22539267813113634,1.0,1,True,False,False,True,True,False
-0.08316547213534368,0.860421786941224,1.4396129655201393,0.0,1,True,True,False,False,True,False
0.9014296991591727,0.4333428059975324,0.13281146098214025,1.0,0,False,False,False,True,False,True
1.098348733418076,0.7180621266266601,-1.5304724415564372,0.0,0,True,False,False,False,False,True
0.1793932402098607,1.0027814472557879,-1.1866434742729908,0.0,0,True,True,False,False,False,False
-0.08316547213534368,-1.5596924384063613,0.2098252142453749,1.0,1,False,False,True,False,False,False
-0.47700354065315026,-0.3496353257325687,0.27223149727468476,0.0,0,False,True,False,False,False,False
-1.4615987119476666,-0.06491600510344105,-0.3602077401778134,1.0,0,False,False,False,True,True,False
1.2296280895906782,1.3586805980421974,0.35181419759496146,1.0,0,False,False,False,True,True,False
-0.41136386256684915,-1.7732319288782072,-0.6001446623831245,1.0,0,True,False,True,False,True,False
1.2952677676769793,1.5010402583567612,-0.18304604552596182,2.0,1,True,False,False,False,False,True
-1.6585177462065699,-0.9190739669908241,0.4586031404182716,0.0,0,False,False,True,False,False,True
-1.002120965343559,-0.7055344765189784,0.6361337795942728,2.0,0,True,False,True,False,False,False
-1.4615987119476666,0.21980331552568663,-0.11177142930505518,0.0,0,True,False,True,False,True,False
-1.2646796776887634,0.9316016170985059,-0.36425246533145383,1.0,0,False,False,True,False,False,True
0.1137535621235596,0.21980331552568663,0.7721376628854318,1.0,1,True,False,False,True,True,False
0.6388709868139684,-0.990253797148106,2.107484541903008,1.0,0,True,False,False,False,False,True
-1.2646796776887634,0.3621629758402505,-0.26627719725171795,1.0,0,False,True,False,False,True,False
-0.41136386256684915,-0.42081515588985063,0.32908994782974504,0.0,0,True,False,False,False,False,True
0.5732313087276673,0.6468822964693782,1.3315668783923196,0.0,0,True,False,False,False,False,True
1.6234661581084848,1.0739612774130698,0.5507982776196633,0.0,0,True,False,True,False,False,True
1.6234661581084848,0.14862348536840472,0.5582454911626833,2.0,0,False,False,False,False,False,True
0.8357900210728716,0.6468822964693782,-0.784671582905963,2.0,1,False,False,True,False,False,False
-0.34572418448054804,0.21980331552568663,-0.5928477595721652,2.0,0,True,True,False,False,True,False
1.163988411504377,1.2875007678849155,-1.6756589441153207,0.0,1,False,False,True,False,False,True
-1.6585177462065699,0.9316016170985059,-0.9349549857429135,1.0,0,True,True,False,False,False,True
0.7045106649002695,0.21980331552568663,-0.9500543820090374,1.0,0,False,False,False,False,True,False
1.2952677676769793,0.5757024663120962,-0.1167590126870778,1.0,0,True,False,True,False,False,True
1.0327090553317748,-1.1326134574626698,-1.6623632766339285,2.0,0,False,False,False,True,False,True
-1.5272383900339677,0.789241956783942,1.901791137383585,2.0,0,True,True,False,False,True,False
0.5075916306413661,1.5722200885140432,-1.0112308499578486,0.0,0,True,False,False,False,False,False
-0.8708416091709568,-1.3461529479345156,-1.2098596500704064,1.0,1,False,True,False,False,False,False
-0.6739225749120535,-1.2037932876199517,-1.421210203960124,2.0,0,True,False,True,False,False,True
0.5075916306413661,-0.7055344765189784,1.4436713552857856,0.0,0,True,False,False,True,False,False
-0.14880515022164478,-0.3496353257325687,-1.1670074268210269,2.0,0,False,True,False,False,False,False
-0.8708416091709568,-0.8478941368335422,-1.3741219509890263,1.0,0,False,True,False,False,False,True
-1.3303193557750645,-1.7020520987209253,0.4328043529518086,0.0,0,True,True,False,False,False,True
0.8357900210728716,0.006263825053840878,-0.31887228886104896,2.0,0,True,False,False,False,False,False
-1.5928780681202688,0.5757024663120962,0.37270738935143505,0.0,0,True,False,False,True,False,True
-1.002120965343559,1.5010402583567612,2.015931641465877,1.0,0,False,False,False,True,False,True
-1.2646796776887634,1.643399918671325,-1.1263825353285506,0.0,0,False,False,False,True,False,False
-1.2646796776887634,-0.5631748162044145,-0.3815245349064587,0.0,0,True,True,False,False,True,False
0.8357900210728716,-0.990253797148106,0.811150130161254,0.0,0,True,True,False,False,False,False
0.8357900210728716,-0.4919949860471326,0.6062492731381524,2.0,1,True,True,False,False,False,False
-0.9364812872572579,0.7180621266266601,-1.2374485017095957,1.0,0,True,True,False,False,False,False
1.6234661581084848,0.860421786941224,0.00605852001873311,2.0,0,False,False,True,False,False,True
-0.280084506394247,-0.7055344765189784,1.975457060705462,0.0,0,True,False,True,False,False,False
1.6234661581084848,1.4298604281994793,-0.5406762709350059,0.0,0,True,False,False,False,False,True
1.6234661581084848,-1.2749731177772337,-1.0606284223578828,2.0,0,False,True,False,False,True,False
1.689105836194786,-1.2037932876199517,1.0963305827169147,0.0,0,False,False,False,False,False,False
-1.5272383900339677,-1.5596924384063613,0.924033489939036,1.0,0,False,False,False,True,True,False
-0.8708416091709568,0.7180621266266601,1.2641866765929917,0.0,0,False,True,False,False,False,False
0.24503291829616178,1.5010402583567612,1.253350639272597,0.0,0,True,False,True,False,False,True
-1.06776064342986,0.860421786941224,-1.2794261897906207,1.0,0,True,True,False,False,True,False
1.689105836194786,1.643399918671325,0.06399647492223112,2.0,0,False,False,False,True,False,False
-1.1334003215161612,1.643399918671325,-1.4691046690395484,2.0,0,False,False,False,False,True,False
-1.3303193557750645,1.3586805980421974,-0.7093795707554269,0.0,0,True,True,False,False,False,True
1.163988411504377,-1.5596924384063613,-0.6664043659979973,2.0,0,True,False,True,False,False,True
-1.5928780681202688,-1.2749731177772337,1.0995007727022006,1.0,0,True,False,False,True,False,False
1.163988411504377,1.2163209377276336,1.5941597273028187,2.0,0,False,False,False,True,False,False
-0.6739225749120535,-1.3461529479345156,1.2755009753335806,1.0,0,False,False,False,False,True,False
-0.8708416091709568,-1.6308722685636434,-0.6177993410942847,2.0,0,False,True,False,False,False,True
1.4265471238495815,-1.7732319288782072,-1.1306868881102963,1.0,0,True,False,True,False,False,True
-0.8708416091709568,-1.5596924384063613,-1.308408831854375,0.0,0,True,True,False,False,False,False
-0.280084506394247,-1.7732319288782072,-1.2228820253116879,2.0,0,True,False,True,False,False,True
-0.47700354065315026,1.4298604281994793,0.4615546966114688,2.0,0,False,False,False,False,False,True
-0.01752579404904259,1.1451411075703517,-1.4773990885269124,1.0,0,False,False,False,True,False,True
-0.8052019310846557,0.860421786941224,2.159232427567995,2.0,0,True,False,False,False,True,False
0.31067259638246286,0.789241956783942,-0.38416180502352837,2.0,0,True,False,False,True,True,False
0.1793932402098607,-0.990253797148106,0.5256553915294663,0.0,0,False,True,False,False,True,False
1.2296280895906782,1.1451411075703517,0.1894376131331062,1.0,0,False,False,False,True,False,True
1.0327090553317748,-1.1326134574626698,1.1763642152333742,2.0,0,False,False,True,False,False,False
-0.280084506394247,1.5010402583567612,2.0901441492679753,1.0,0,True,False,False,False,False,False
-1.2646796776887634,-1.7732319288782072,-1.674757079722955,1.0,1,True,False,False,True,False,False
0.7045106649002695,-1.7020520987209253,-1.2446497522365163,1.0,0,False,False,False,True,True,False
1.4921868019358826,-0.990253797148106,-1.0200035308654065,0.0,0,True,True,False,False,False,True
0.9670693772454738,0.9316016170985059,-0.3063555042639724,2.0,0,False,True,False,False,True,False
0.048113884037258504,1.5722200885140432,-0.6854391705217174,1.0,1,True,True,False,False,True,False
0.31067259638246286,0.7180621266266601,0.5739051365210348,1.0,0,True,False,True,False,False,False
-1.3303193557750645,-1.3461529479345156,-0.05718130434291502,1.0,0,True,True,False,False,False,False
-0.6739225749120535,0.860421786941224,-0.03907569343557193,0.0,1,False,False,False,True,False,True
0.7701503429865705,-0.06491600510344105,-1.6528390420660657,0.0,0,True,False,True,False,True,False
0.7701503429865705,-1.6308722685636434,0.8208246754611777,2.0,0,False,True,False,False,False,True
1.5578264800221837,0.0774436552111228,-0.7463013523944012,0.0,0,True,False,False,True,True,False
0.376312274468764,-0.13609583526072297,-0.6384875636706753,0.0,0,False,False,True,False,False,True
0.4419519525550651,0.0774436552111228,-0.2808026798136089,0.0,0,False,False,False,True,True,False
1.4921868019358826,-1.4173327780917975,0.8890384185928432,1.0,0,False,True,False,False,False,True
-0.6082828968257524,-0.06491600510344105,-1.3623020616042325,2.0,0,False,True,False,False,True,False
0.4419519525550651,1.2163209377276336,0.6263909112343212,2.0,0,False,False,True,False,True,False
-1.002120965343559,0.3621629758402505,0.7135711358296788,0.0,0,True,False,False,False,False,False
-0.8708416091709568,1.2875007678849155,-0.11961491659623628,0.0,0,True,False,False,True,True,False
0.24503291829616178,-1.2037932876199517,0.7310071807487507,1.0,0,False,False,False,True,False,False
-1.6585177462065699,0.9316016170985059,-0.16886217826420913,0.0,1,False,False,False,False,False,True
0.24503291829616178,0.21980331552568663,0.38680926894115425,0.0,1,False,False,False,False,False,False
0.048113884037258504,-0.8478941368335422,1.0858224960846528,1.0,0,True,False,False,True,True,False
0.9014296991591727,0.7180621266266601,0.7020928617450238,1.0,0,False,False,True,False,False,False
-0.21444482830794587,0.21980331552568663,-0.17681498245143476,1.0,0,True,False,False,False,False,False
-0.41136386256684915,1.2163209377276336,1.6376405227044535,2.0,0,False,True,False,False,False,True
-1.3303193557750645,1.0739612774130698,-0.689060292703186,1.0,1,True,False,True,False,False,False
0.7045106649002695,0.860421786941224,0.9100819210813776,0.0,1,False,False,False,False,False,True
-0.41136386256684915,-0.2784554955752868,-1.512366830649094,0.0,1,True,True,False,False,False,True
0.7045106649002695,-0.990253797148106,0.2704824269379755,0.0,1,True,True,False,False,False,False
-1.3303193557750645,1.0027814472557879,1.80408916154396,2.0,0,False,False,False,True,True,False
0.1793932402098607,1.643399918671325,-1.238186390757895,0.0,0,False,False,True,False,False,True
-0.8708416091709568,0.006263825053840878,-0.6214477924997643,0.0,0,False,False,False,False,False,False
0.048113884037258504,1.4298604281994793,0.9850596471557864,1.0,0,False,True,False,False,False,True
1.5578264800221837,0.14862348536840472,-1.2488584527342232,1.0,0,True,False,False,True,False,False
-0.41136386256684915,-0.3496353257325687,-1.626548328567403,2.0,0,True,False,False,False,False,False
-0.8708416091709568,0.0774436552111228,-1.3420101127760027,1.0,0,True,True,False,False,True,False
0.8357900210728716,0.5045226361548143,-0.44410845789184095,2.0,1,True,False,False,True,False,False
-1.1990399996024623,0.21980331552568663,1.8135314084397898,0.0,0,True,True,False,False,False,True
-0.6082828968257524,-0.13609583526072297,0.7901749507327469,2.0,1,True,False,False,True,False,True
0.24503291829616178,0.4333428059975324,-0.7767871017787652,1.0,0,False,False,False,True,True,False
-1.6585177462065699,-1.4173327780917975,-1.1887068306858275,0.0,0,True,False,True,False,False,True
-0.14880515022164478,0.0774436552111228,0.371723537287036,2.0,0,True,False,False,False,True,False
-0.6739225749120535,-0.7055344765189784,0.2410898465140547,0.0,0,True,False,False,True,False,False
-1.002120965343559,0.7180621266266601,0.37580925627669304,0.0,0,False,True,False,False,False,False
-1.4615987119476666,1.5010402583567612,-1.1826397429553668,1.0,0,True,False,False,False,False,False
-1.4615987119476666,0.29098314568296857,0.021458537748979177,2.0,0,False,False,False,False,True,False
-0.6082828968257524,-0.7767143066762603,-0.988219643340516,0.0,0,True,False,False,False,False,True
1.4921868019358826,-1.2749731177772337,-1.11035394544605,0.0,0,True,False,True,False,False,True
-1.06776064342986,0.3621629758402505,-0.9228208102819923,1.0,1,False,False,False,True,False,False
-0.34572418448054804,-1.2037932876199517,0.2073245902483605,0.0,1,True,False,False,True,False,True
0.7701503429865705,1.1451411075703517,-0.4210015989904695,0.0,0,True,False,False,True,True,False
1.4921868019358826,-0.3496353257325687,-0.24490574407505022,0.0,0,False,False,False,True,True,False
-0.5426432187394513,0.9316016170985059,0.31500173285203137,2.0,0,False,True,False,False,True,False
-1.06776064342986,0.9316016170985059,-1.2572348598936205,1.0,0,True,False,False,True,True,False
1.2296280895906782,1.2163209377276336,1.798513999845699,2.0,0,True,False,False,False,False,True
-0.6739225749120535,-0.42081515588985063,1.0179093744171095,0.0,0,False,False,False,True,True,False
0.8357900210728716,0.006263825053840878,0.2587308606132095,2.0,0,False,False,False,True,False,True
-0.7395622529983547,0.860421786941224,-0.5552700765569247,0.0,0,False,False,False,True,False,False
0.5075916306413661,1.2163209377276336,-1.682928517702269,0.0,0,False,False,False,True,False,True
-1.3959590338613654,-0.8478941368335422,-0.3984549891813253,1.0,0,True,False,True,False,True,False
-0.6082828968257524,1.5722200885140432,-1.337828741502307,0.0,0,True,False,False,False,False,True
0.7045106649002695,1.0739612774130698,0.39507635920450707,2.0,0,False,False,True,False,False,False
-1.1990399996024623,-0.3496353257325687,-0.4100289155500194,2.0,0,True,False,False,False,False,False
-0.14880515022164478,-0.4919949860471326,-0.33248224241856866,2.0,1,False,False,False,True,False,False
0.1137535621235596,-0.8478941368335422,-0.8254331205184948,2.0,0,False,False,False,True,False,True
1.3609074457632804,-1.2037932876199517,1.4818229520052588,2.0,0,True,False,False,False,True,False
-1.1990399996024623,1.1451411075703517,-1.4353530773858598,1.0,1,False,False,False,False,True,False
-0.21444482830794587,-1.5596924384063613,1.1387455383821168,0.0,1,False,False,True,False,False,True
0.5732313087276673,-0.20727566541800488,-1.412492181500588,0.0,0,True,False,True,False,True,False
0.31067259638246286,-0.2784554955752868,-1.2575218167457367,1.0,0,True,True,False,False,True,False
-0.6082828968257524,-0.42081515588985063,0.044497073590322775,1.0,0,False,True,False,False,False,True
0.1137535621235596,-0.4919949860471326,-0.7047062734495314,2.0,1,True,False,True,False,False,False
1.4265471238495815,-0.4919949860471326,-1.3397417871830828,0.0,1,True,True,False,False,True,False
1.4265471238495815,-0.20727566541800488,-0.2172075755398167,0.0,0,True,False,True,False,False,False
1.6234661581084848,0.3621629758402505,-1.650502393413118,0.0,0,True,False,True,False,True,False
-0.9364812872572579,1.4298604281994793,0.7179574762834579,0.0,0,True,False,True,False,False,False
-0.14880515022164478,-0.4919949860471326,0.8578421093841907,0.0,1,True,True,False,False,False,False
-0.7395622529983547,1.2875007678849155,-0.9657823504274161,0.0,0,False,False,False,False,True,False
0.9014296991591727,-0.42081515588985063,-0.6723758014444193,2.0,0,True,False,False,True,True,False
0.31067259638246286,0.006263825053840878,0.27480044433172685,1.0,0,False,True,False,False,False,True
0.048113884037258504,-1.4173327780917975,0.6106492782039369,1.0,1,False,False,False,True,True,False
0.5732313087276673,0.14862348536840472,1.1138076214720027,1.0,0,False,False,False,True,True,False
-0.5426432187394513,1.0739612774130698,-1.3377194246062625,0.0,0,True,False,False,False,False,True
0.6388709868139684,-1.5596924384063613,-0.4798824121223497,1.0,1,True,True,False,False,False,False
-1.1990399996024623,1.643399918671325,0.17887486805282254,2.0,0,False,False,False,True,False,True
1.2952677676769793,1.2875007678849155,-0.1876920136078462,1.0,0,False,False,False,False,False,False
1.4921868019358826,-1.2037932876199517,0.6670841257868252,2.0,0,False,False,False,False,False,True
0.7701503429865705,1.643399918671325,0.17519908742333137,2.0,0,False,False,True,False,True,False
-1.3959590338613654,-0.8478941368335422,0.5728939552326247,0.0,1,True,True,False,False,True,False
-0.8052019310846557,0.3621629758402505,1.7473263632729388,2.0,0,False,False,False,True,False,False
0.7701503429865705,0.21980331552568663,0.3635111054717053,2.0,1,True,False,False,False,True,False
-0.41136386256684915,1.643399918671325,-1.067064454612493,2.0,1,False,False,False,True,False,False
1.163988411504377,-0.2784554955752868,-0.6327210974043365,0.0,0,True,True,False,False,False,True
-1.1334003215161612,-1.2037932876199517,-1.3019318057637481,1.0,0,True,False,True,False,True,False
0.4419519525550651,-1.061433627305388,-1.6161905526672018,0.0,0,False,False,False,True,False,False
-0.5426432187394513,-0.06491600510344105,0.7337127739258477,2.0,0,False,False,True,False,False,True
-1.3303193557750645,0.5757024663120962,-0.3339580205151672,1.0,1,False,False,False,False,True,False
0.7045106649002695,0.860421786941224,-1.4172201372545057,0.0,0,False,False,True,False,True,False
-1.5928780681202688,-1.4885126082490794,-1.1540807038637844,0.0,0,True,False,False,True,False,False
0.24503291829616178,1.5010402583567612,-1.3831952533607061,0.0,0,True,True,False,False,True,False
-1.3303193557750645,-0.20727566541800488,1.5425484877578868,0.0,0,True,False,False,True,False,False
-0.6082828968257524,-0.2784554955752868,0.5553212641934976,0.0,0,True,False,False,True,True,False
